fund_code,company,date,current_value,quote
164809,工银中证500指数,2015/10/26,1.5298,1.6074
164809,工银中证500指数,2015/10/23,1.5182,1.5958
164809,工银中证500指数,2015/10/22,1.4793,1.5569
164809,工银中证500指数,2015/10/21,1.42,1.4976
164809,工银中证500指数,2015/10/20,1.5176,1.5952
164809,工银中证500指数,2015/10/19,1.4892,1.5668
164809,工银中证500指数,2015/10/16,1.4896,1.5672
164809,工银中证500指数,2015/10/15,1.4637,1.5413
164809,工银中证500指数,2015/10/14,1.4186,1.4962
164809,工银中证500指数,2015/10/13,1.4332,1.5108
164809,工银中证500指数,2015/10/12,1.4138,1.4914
164809,工银中证500指数,2015/10/9,1.3569,1.4345
164809,工银中证500指数,2015/10/8,1.3355,1.4131
164809,工银中证500指数,2015/9/30,1.2802,1.3578
164809,工银中证500指数,2015/9/29,1.2757,1.3533
164809,工银中证500指数,2015/9/28,1.3017,1.3793
164809,工银中证500指数,2015/9/25,1.2765,1.3541
164809,工银中证500指数,2015/9/24,1.3239,1.4015
164809,工银中证500指数,2015/9/23,1.3039,1.3815
164809,工银中证500指数,2015/9/22,1.3203,1.3979
164809,工银中证500指数,2015/9/21,1.3097,1.3873
164809,工银中证500指数,2015/9/18,1.2605,1.3381
164809,工银中证500指数,2015/9/17,1.2427,1.3203
164809,工银中证500指数,2015/9/16,1.268,1.3456
164809,工银中证500指数,2015/9/15,1.177,1.2546
164809,工银中证500指数,2015/9/14,1.2541,1.3317
164809,工银中证500指数,2015/9/11,1.3533,1.4309
164809,工银中证500指数,2015/9/10,1.3406,1.4182
164809,工银中证500指数,2015/9/09,1.3653,1.4429
164809,工银中证500指数,2015/9/08,1.3221,1.3997
164809,工银中证500指数,2015/9/07,1.2657,1.3433
164809,工银中证500指数,2015/9/02,1.2611,1.3387
164809,工银中证500指数,2015/9/01,1.2771,1.3547
164809,工银中证500指数,2015/8/31,1.3663,1.4439
164809,工银中证500指数,2015/8/28,1.4226,1.5002
164809,工银中证500指数,2015/8/27,1.3331,1.4107
164809,工银中证500指数,2015/8/26,1.2813,1.3589
164809,工银中证500指数,2015/8/25,1.3345,1.4121
164809,工银中证500指数,2015/8/24,1.4755,1.5531
164809,工银中证500指数,2015/8/21,1.6133,1.6909
164809,工银中证500指数,2015/8/20,1.7119,1.7895
164809,工银中证500指数,2015/8/19,1.7771,1.8547
164809,工银中证500指数,2015/8/18,1.7368,1.8144
164809,工银中证500指数,2015/8/17,1.8865,1.9641
164809,工银中证500指数,2015/8/14,1.8455,1.9231
164809,工银中证500指数,2015/8/13,1.8266,1.9042
164809,工银中证500指数,2015/8/12,1.7817,1.8593
164809,工银中证500指数,2015/8/11,1.8049,1.8825
164809,工银中证500指数,2015/8/10,1.7953,1.8729
164809,工银中证500指数,2015/8/07,1.7065,1.7841
164809,工银中证500指数,2015/8/06,1.655,1.7326
164809,工银中证500指数,2015/8/05,1.6658,1.7434
164809,工银中证500指数,2015/8/04,1.6891,1.7667
164809,工银中证500指数,2015/8/03,1.5966,1.6742
164809,工银中证500指数,2015/7/31,1.6404,1.718
164809,工银中证500指数,2015/7/30,1.6578,1.7354
164809,工银中证500指数,2015/7/29,1.7084,1.786
164809,工银中证500指数,2015/7/28,1.6204,1.698
164809,工银中证500指数,2015/7/27,1.6568,1.7344
164809,工银中证500指数,2015/7/24,1.8047,1.8823
164809,工银中证500指数,2015/7/23,1.8345,1.9121
164809,工银中证500指数,2015/7/22,1.7792,1.8568
164809,工银中证500指数,2015/7/21,1.7564,1.834
164809,工银中证500指数,2015/7/20,1.7321,1.8097
164809,工银中证500指数,2015/7/17,1.7024,1.78
164809,工银中证500指数,2015/7/16,1.5961,1.6737
164809,工银中证500指数,2015/7/15,1.553,1.6306
164809,工银中证500指数,2015/7/14,1.6681,1.7457
164809,工银中证500指数,2015/7/13,1.6577,1.7353
164809,工银中证500指数,2015/7/10,1.5982,1.6758
164809,工银中证500指数,2015/7/09,1.5213,1.5989
164809,工银中证500指数,2015/7/08,1.4199,1.4975
164809,工银中证500指数,2015/7/07,1.5731,1.6507
164809,工银中证500指数,2015/7/06,1.6975,1.7751
164809,工银中证500指数,2015/7/03,1.7305,1.8081
164809,工银中证500指数,2015/7/02,1.8469,1.9245
164809,工银中证500指数,2015/7/01,1.9774,2.055
164809,工银中证500指数,2015/6/30,2.0892,2.1668
164809,工银中证500指数,2015/6/29,1.9927,2.0703
164809,工银中证500指数,2015/6/26,2.1278,2.2054
164809,工银中证500指数,2015/6/25,2.3319,2.4095
164809,工银中证500指数,2015/6/24,2.4168,2.4944
164809,工银中证500指数,2015/6/23,2.3675,2.4451
164809,工银中证500指数,2015/6/19,2.3552,2.4328
164809,工银中证500指数,2015/6/18,2.5295,2.6071
164809,工银中证500指数,2015/6/17,2.6135,2.6911
164809,工银中证500指数,2015/6/16,2.5625,2.6401
164809,工银中证500指数,2015/6/15,2.6672,2.7448
164809,工银中证500指数,2015/6/12,2.7188,2.7964
164809,工银中证500指数,2015/6/11,2.6852,2.7628
164809,工银中证500指数,2015/6/10,2.649,2.7266
164809,工银中证500指数,2015/6/09,2.6042,2.6818
164809,工银中证500指数,2015/6/08,2.6091,2.6867
164809,工银中证500指数,2015/6/05,2.6364,2.714
164809,工银中证500指数,2015/6/04,2.5962,2.6738
164809,工银中证500指数,2015/6/03,2.6001,2.6777
164809,工银中证500指数,2015/6/02,2.5802,2.6578
164809,工银中证500指数,2015/6/01,2.4893,2.5669
164809,工银中证500指数,2015/5/29,2.3708,2.4484
164809,工银中证500指数,2015/5/28,2.348,2.4256
164809,工银中证500指数,2015/5/27,2.4907,2.5683
164809,工银中证500指数,2015/5/26,2.4615,2.5391
164809,工银中证500指数,2015/5/25,2.3847,2.4623
164809,工银中证500指数,2015/5/22,2.3247,2.4023
164809,工银中证500指数,2015/5/21,2.2888,2.3664
164809,工银中证500指数,2015/5/20,2.2083,2.2859
164809,工银中证500指数,2015/5/19,2.173,2.2506
164809,工银中证500指数,2015/5/18,2.122,2.1996
164809,工银中证500指数,2015/5/15,2.0841,2.1617
164809,工银中证500指数,2015/5/14,2.1005,2.1781
164809,工银中证500指数,2015/5/13,2.103,2.1806
164809,工银中证500指数,2015/5/12,2.0849,2.1625
164809,工银中证500指数,2015/5/11,2.0422,2.1198
164809,工银中证500指数,2015/5/08,1.9623,2.0399
164809,工银中证500指数,2015/5/07,1.8943,1.9719
164809,工银中证500指数,2015/5/06,1.9354,2.013
164809,工银中证500指数,2015/5/05,1.9616,2.0392
164809,工银中证500指数,2015/5/04,2.0321,2.1097
164809,工银中证500指数,2015/4/30,2.023,2.1006
164809,工银中证500指数,2015/4/29,2.014,2.0916
164809,工银中证500指数,2015/4/28,1.9781,2.0557
164809,工银中证500指数,2015/4/27,2.0372,2.1148
164809,工银中证500指数,2015/4/24,2.0168,2.0944
164809,工银中证500指数,2015/4/23,2.0156,2.0932
164809,工银中证500指数,2015/4/22,1.9962,2.0738
164809,工银中证500指数,2015/4/21,1.9486,2.0262
164809,工银中证500指数,2015/4/20,1.8869,1.9645
164809,工银中证500指数,2015/4/17,1.922,1.9996
164809,工银中证500指数,2015/4/16,1.9074,1.985
164809,工银中证500指数,2015/4/15,1.8835,1.9611
164809,工银中证500指数,2015/4/14,1.9529,2.0305
164809,工银中证500指数,2015/4/13,1.9541,2.0317
164809,工银中证500指数,2015/4/10,1.9152,1.9928
164809,工银中证500指数,2015/4/09,1.8677,1.9453
164809,工银中证500指数,2015/4/08,1.8816,1.9592
164809,工银中证500指数,2015/4/07,1.8948,1.9724
164809,工银中证500指数,2015/4/03,1.8523,1.9299
164809,工银中证500指数,2015/4/02,1.8249,1.9025
164809,工银中证500指数,2015/4/01,1.794,1.8716
164809,工银中证500指数,2015/3/31,1.7544,1.832
164809,工银中证500指数,2015/3/30,1.7522,1.8298
164809,工银中证500指数,2015/3/27,1.7326,1.8102
164809,工银中证500指数,2015/3/26,1.7138,1.7914
164809,工银中证500指数,2015/3/25,1.7267,1.8043
164809,工银中证500指数,2015/3/24,1.7081,1.7857
164809,工银中证500指数,2015/3/23,1.7001,1.7777
164809,工银中证500指数,2015/3/20,1.6604,1.738
164809,工银中证500指数,2015/3/19,1.6437,1.7213
164809,工银中证500指数,2015/3/18,1.6308,1.7084
164809,工银中证500指数,2015/3/17,1.6064,1.684
164809,工银中证500指数,2015/3/16,1.5833,1.6609
164809,工银中证500指数,2015/3/13,1.5396,1.6172
164809,工银中证500指数,2015/3/12,1.523,1.6006
164809,工银中证500指数,2015/3/11,1.5239,1.6015
164809,工银中证500指数,2015/3/10,1.5271,1.6047
164809,工银中证500指数,2015/3/09,1.5119,1.5895
164809,工银中证500指数,2015/3/06,1.4935,1.5711
164809,工银中证500指数,2015/3/05,1.5116,1.5892
164809,工银中证500指数,2015/3/04,1.5122,1.5898
164809,工银中证500指数,2015/3/03,1.4904,1.568
164809,工银中证500指数,2015/3/02,1.4958,1.5734
164809,工银中证500指数,2015/2/27,1.4675,1.5451
164809,工银中证500指数,2015/2/26,1.4558,1.5334
164809,工银中证500指数,2015/2/25,1.4412,1.5188
164809,工银中证500指数,2015/2/17,1.4436,1.5212
164809,工银中证500指数,2015/2/16,1.4342,1.5118
164809,工银中证500指数,2015/2/13,1.4101,1.4877
164809,工银中证500指数,2015/2/12,1.3895,1.4671
164809,工银中证500指数,2015/2/11,1.3802,1.4578
164809,工银中证500指数,2015/2/10,1.3654,1.443
164809,工银中证500指数,2015/2/09,1.3482,1.4258
164809,工银中证500指数,2015/2/06,1.3554,1.433
164809,工银中证500指数,2015/2/05,1.3828,1.4604
164809,工银中证500指数,2015/2/04,1.3893,1.4669
164809,工银中证500指数,2015/2/03,1.3948,1.4724
164809,工银中证500指数,2015/2/02,1.372,1.4496
164809,工银中证500指数,2015/1/30,1.3777,1.4553
164809,工银中证500指数,2015/1/29,1.3937,1.4713
164809,工银中证500指数,2015/1/28,1.4026,1.4802
164809,工银中证500指数,2015/1/27,1.4099,1.4875
164809,工银中证500指数,2015/1/26,1.4061,1.4837
164809,工银中证500指数,2015/1/23,1.3769,1.4545
164809,工银中证500指数,2015/1/22,1.3899,1.4675
164809,工银中证500指数,2015/1/21,1.3722,1.4498
164809,工银中证500指数,2015/1/20,1.3393,1.4169
164809,工银中证500指数,2015/1/19,1.2941,1.3717
164809,工银中证500指数,2015/1/16,1.3496,1.4272
164809,工银中证500指数,2015/1/15,1.3329,1.4105
164809,工银中证500指数,2015/1/14,1.3169,1.3945
164809,工银中证500指数,2015/1/13,1.3229,1.4005
164809,工银中证500指数,2015/1/12,1.3061,1.3837
164809,工银中证500指数,2015/1/09,1.3241,1.4017
164809,工银中证500指数,2015/1/08,1.3324,1.41
164809,工银中证500指数,2015/1/07,1.3427,1.4203
164809,工银中证500指数,2015/1/06,1.3408,1.4184
164809,工银中证500指数,2015/1/05,1.3267,1.4043
164809,工银中证500指数,2014/12/31,1.3307,1.3823
164809,工银中证500指数,2014/12/30,1.3196,1.3712
164809,工银中证500指数,2014/12/29,1.3418,1.3934
164809,工银中证500指数,2014/12/26,1.3549,1.4065
164809,工银中证500指数,2014/12/25,1.3409,1.3925
164809,工银中证500指数,2014/12/24,1.3164,1.368
164809,工银中证500指数,2014/12/23,1.3003,1.3519
164809,工银中证500指数,2014/12/22,1.3272,1.3788
164809,工银中证500指数,2014/12/19,1.3803,1.4319
164809,工银中证500指数,2014/12/18,1.3881,1.4397
164809,工银中证500指数,2014/12/17,1.3884,1.44
164809,工银中证500指数,2014/12/16,1.4029,1.4545
164809,工银中证500指数,2014/12/15,1.3981,1.4497
164809,工银中证500指数,2014/12/12,1.3784,1.43
164809,工银中证500指数,2014/12/11,1.3691,1.4207
164809,工银中证500指数,2014/12/10,1.351,1.4026
164809,工银中证500指数,2014/12/09,1.3209,1.3725
164809,工银中证500指数,2014/12/08,1.3704,1.422
164809,工银中证500指数,2014/12/05,1.3519,1.4035
164809,工银中证500指数,2014/12/04,1.3804,1.432
164809,工银中证500指数,2014/12/03,1.3534,1.405
164809,工银中证500指数,2014/12/02,1.3387,1.3903
164809,工银中证500指数,2014/12/01,1.322,1.3736
164809,工银中证500指数,2014/11/28,1.3311,1.3827
164809,工银中证500指数,2014/11/27,1.3326,1.3842
164809,工银中证500指数,2014/11/26,1.3237,1.3753
164809,工银中证500指数,2014/11/25,1.3176,1.3692
164809,工银中证500指数,2014/11/24,1.2992,1.3508
164809,工银中证500指数,2014/11/21,1.2796,1.3312
164809,工银中证500指数,2014/11/20,1.2664,1.318
164809,工银中证500指数,2014/11/19,1.269,1.3206
164809,工银中证500指数,2014/11/18,1.2648,1.3164
164809,工银中证500指数,2014/11/17,1.2627,1.3143
164809,工银中证500指数,2014/11/14,1.2512,1.3028
164809,工银中证500指数,2014/11/13,1.2541,1.3057
164809,工银中证500指数,2014/11/12,1.2648,1.3164
164809,工银中证500指数,2014/11/11,1.2447,1.2963
164809,工银中证500指数,2014/11/10,1.2806,1.3322
164809,工银中证500指数,2014/11/07,1.2679,1.3195
164809,工银中证500指数,2014/11/06,1.2794,1.331
164809,工银中证500指数,2014/11/05,1.2724,1.324
164809,工银中证500指数,2014/11/04,1.2744,1.326
164809,工银中证500指数,2014/11/03,1.2805,1.3321
164809,工银中证500指数,2014/10/31,1.2718,1.3234
164809,工银中证500指数,2014/10/30,1.2735,1.3251
164809,工银中证500指数,2014/10/29,1.2733,1.3249
164809,工银中证500指数,2014/10/28,1.2572,1.3088
164809,工银中证500指数,2014/10/27,1.2291,1.2807
164809,工银中证500指数,2014/10/24,1.2208,1.2724
164809,工银中证500指数,2014/10/23,1.2163,1.2679
164809,工银中证500指数,2014/10/22,1.2334,1.285
164809,工银中证500指数,2014/10/21,1.2475,1.2991
164809,工银中证500指数,2014/10/20,1.2585,1.3101
164809,工银中证500指数,2014/10/17,1.2423,1.2939
164809,工银中证500指数,2014/10/16,1.2533,1.3049
164809,工银中证500指数,2014/10/15,1.273,1.3246
164809,工银中证500指数,2014/10/14,1.2679,1.3195
164809,工银中证500指数,2014/10/13,1.2721,1.3237
164809,工银中证500指数,2014/10/10,1.2721,1.3237
164809,工银中证500指数,2014/10/09,1.2775,1.3291
164809,工银中证500指数,2014/10/08,1.275,1.3266
164809,工银中证500指数,2014/9/30,1.2567,1.3083
164809,工银中证500指数,2014/9/29,1.2491,1.3007
164809,工银中证500指数,2014/9/26,1.2376,1.2892
164809,工银中证500指数,2014/9/25,1.2331,1.2847
164809,工银中证500指数,2014/9/24,1.2328,1.2844
164809,工银中证500指数,2014/9/23,1.218,1.2696
164809,工银中证500指数,2014/9/22,1.2033,1.2549
164809,工银中证500指数,2014/9/19,1.2191,1.2707
164809,工银中证500指数,2014/9/18,1.2081,1.2597
164809,工银中证500指数,2014/9/17,1.2001,1.2517
164809,工银中证500指数,2014/9/16,1.1907,1.2423
164809,工银中证500指数,2014/9/15,1.2287,1.2803
164809,工银中证500指数,2014/9/12,1.2167,1.2683
164809,工银中证500指数,2014/9/11,1.2042,1.2558
164809,工银中证500指数,2014/9/10,1.2054,1.257
164809,工银中证500指数,2014/9/09,1.2035,1.2551
164809,工银中证500指数,2014/9/05,1.1953,1.2469
164809,工银中证500指数,2014/9/04,1.1908,1.2424
164809,工银中证500指数,2014/9/03,1.1814,1.233
164809,工银中证500指数,2014/9/02,1.1736,1.2252
164809,工银中证500指数,2014/9/01,1.1571,1.2087
164809,工银中证500指数,2014/8/29,1.1381,1.1897
164809,工银中证500指数,2014/8/28,1.1268,1.1784
164809,工银中证500指数,2014/8/27,1.1365,1.1881
164809,工银中证500指数,2014/8/26,1.1332,1.1848
164809,工银中证500指数,2014/8/25,1.1525,1.2041
164809,工银中证500指数,2014/8/22,1.1612,1.2128
164809,工银中证500指数,2014/8/21,1.1548,1.2064
164809,工银中证500指数,2014/8/20,1.1553,1.2069
164809,工银中证500指数,2014/8/19,1.155,1.2066
164809,工银中证500指数,2014/8/18,1.1518,1.2034
164809,工银中证500指数,2014/8/15,1.138,1.1896
164809,工银中证500指数,2014/8/14,1.1258,1.1774
164809,工银中证500指数,2014/8/13,1.1328,1.1844
164809,工银中证500指数,2014/8/12,1.1324,1.184
164809,工银中证500指数,2014/8/11,1.1269,1.1785
164809,工银中证500指数,2014/8/08,1.1112,1.1628
164809,工银中证500指数,2014/8/07,1.1049,1.1565
164809,工银中证500指数,2014/8/06,1.1154,1.167
164809,工银中证500指数,2014/8/05,1.1085,1.1601
164809,工银中证500指数,2014/8/04,1.1034,1.155
164809,工银中证500指数,2014/8/01,1.0867,1.1383
164809,工银中证500指数,2014/7/31,1.0982,1.1498
164809,工银中证500指数,2014/7/30,1.088,1.1396
164809,工银中证500指数,2014/7/29,1.0861,1.1377
164809,工银中证500指数,2014/7/28,1.0764,1.128
164809,工银中证500指数,2014/7/25,1.0573,1.1089
164809,工银中证500指数,2014/7/24,1.0486,1.1002
164809,工银中证500指数,2014/7/23,1.0493,1.1009
164809,工银中证500指数,2014/7/22,1.0557,1.1073
164809,工银中证500指数,2014/7/21,1.0427,1.0943
164809,工银中证500指数,2014/7/18,1.0458,1.0974
164809,工银中证500指数,2014/7/17,1.0431,1.0947
164809,工银中证500指数,2014/7/16,1.0506,1.1022
164809,工银中证500指数,2014/7/15,1.0584,1.11
164809,工银中证500指数,2014/7/14,1.0578,1.1094
164809,工银中证500指数,2014/7/11,1.043,1.0946
164809,工银中证500指数,2014/7/10,1.0314,1.083
164809,工银中证500指数,2014/7/09,1.0313,1.0829
164809,工银中证500指数,2014/7/08,1.045,1.0966
164809,工银中证500指数,2014/7/07,1.0388,1.0904
164809,工银中证500指数,2014/7/04,1.0366,1.0882
164809,工银中证500指数,2014/7/03,1.0399,1.0915
164809,工银中证500指数,2014/7/02,1.03,1.0816
164809,工银中证500指数,2014/7/01,1.0233,1.0749
164809,工银中证500指数,2014/6/30,1.0167,1.0683
164809,工银中证500指数,2014/6/27,1.008,1.0596
164809,工银中证500指数,2014/6/26,1.001,1.0526
164809,工银中证500指数,2014/6/25,0.9893,1.0409
164809,工银中证500指数,2014/6/24,0.9951,1.0467
164809,工银中证500指数,2014/6/23,0.9888,1.0404
164809,工银中证500指数,2014/6/20,0.9823,1.0339
164809,工银中证500指数,2014/6/19,0.9737,1.0253
164809,工银中证500指数,2014/6/18,0.9986,1.0502
164809,工银中证500指数,2014/6/17,1.0034,1.055
164809,工银中证500指数,2014/6/16,1.0119,1.0635
164809,工银中证500指数,2014/6/13,1.0061,1.0577
164809,工银中证500指数,2014/6/12,0.9966,1.0482
164809,工银中证500指数,2014/6/11,0.9983,1.0499
164809,工银中证500指数,2014/6/10,0.9938,1.0454
164809,工银中证500指数,2014/6/09,0.9831,1.0347
164809,工银中证500指数,2014/6/06,0.9883,1.0399
164809,工银中证500指数,2014/6/05,0.9917,1.0433
164809,工银中证500指数,2014/6/04,0.9809,1.0325
164809,工银中证500指数,2014/6/03,0.9892,1.0408
164809,工银中证500指数,2014/5/30,0.991,1.0426
164809,工银中证500指数,2014/5/29,0.9891,1.0407
164809,工银中证500指数,2014/5/28,0.9989,1.0505
164809,工银中证500指数,2014/5/27,0.9882,1.0398
164809,工银中证500指数,2014/5/26,0.9905,1.0421
164809,工银中证500指数,2014/5/23,0.9805,1.0321
164809,工银中证500指数,2014/5/22,0.9702,1.0218
164809,工银中证500指数,2014/5/21,0.9698,1.0214
164809,工银中证500指数,2014/5/20,0.9615,1.0131
164809,工银中证500指数,2014/5/19,0.9588,1.0104
164809,工银中证500指数,2014/5/16,0.9638,1.0154
164809,工银中证500指数,2014/5/15,0.9651,1.0167
164809,工银中证500指数,2014/5/14,0.9826,1.0342
164809,工银中证500指数,2014/5/13,0.9834,1.035
164809,工银中证500指数,2014/5/12,0.9848,1.0364
164809,工银中证500指数,2014/5/09,0.9602,1.0118
164809,工银中证500指数,2014/5/08,0.9699,1.0215
164809,工银中证500指数,2014/5/07,0.9689,1.0205
164809,工银中证500指数,2014/5/06,0.9865,1.0381
164809,工银中证500指数,2014/5/05,0.9814,1.033
164809,工银中证500指数,2014/4/30,0.9733,1.0249
164809,工银中证500指数,2014/4/29,0.9662,1.0178
164809,工银中证500指数,2014/4/28,0.9517,1.0033
164809,工银中证500指数,2014/4/25,0.9844,1.036
164809,工银中证500指数,2014/4/24,1.0051,1.0567
164809,工银中证500指数,2014/4/23,1.016,1.0676
164809,工银中证500指数,2014/4/22,1.0204,1.072
164809,工银中证500指数,2014/4/21,1.0249,1.0765
164809,工银中证500指数,2014/4/18,1.0404,1.092
164809,工银中证500指数,2014/4/17,1.0369,1.0885
164809,工银中证500指数,2014/4/16,1.0381,1.0897
164809,工银中证500指数,2014/4/15,1.0386,1.0902
164809,工银中证500指数,2014/4/14,1.0459,1.0975
164809,工银中证500指数,2014/4/11,1.0387,1.0903
164809,工银中证500指数,2014/4/10,1.0432,1.0948
164809,工银中证500指数,2014/4/09,1.0382,1.0898
164809,工银中证500指数,2014/4/08,1.0291,1.0807
164809,工银中证500指数,2014/4/04,1.0188,1.0704
164809,工银中证500指数,2014/4/03,1.0084,1.06
164809,工银中证500指数,2014/4/02,1.0099,1.0615
164809,工银中证500指数,2014/4/01,1.0093,1.0609
164809,工银中证500指数,2014/3/31,0.9949,1.0465
164809,工银中证500指数,2014/3/28,1.0011,1.0527
164809,工银中证500指数,2014/3/27,1.0205,1.0721
164809,工银中证500指数,2014/3/26,1.0348,1.0864
164809,工银中证500指数,2014/3/25,1.0323,1.0839
164809,工银中证500指数,2014/3/24,1.0311,1.0827
164809,工银中证500指数,2014/3/21,1.0231,1.0747
164809,工银中证500指数,2014/3/20,1.0046,1.0562
164809,工银中证500指数,2014/3/19,1.0302,1.0818
164809,工银中证500指数,2014/3/18,1.0323,1.0839
164809,工银中证500指数,2014/3/17,1.027,1.0786
164809,工银中证500指数,2014/3/14,1.0079,1.0595
164809,工银中证500指数,2014/3/13,1.0123,1.0639
164809,工银中证500指数,2014/3/12,1.0022,1.0538
164809,工银中证500指数,2014/3/11,1.0019,1.0535
164809,工银中证500指数,2014/3/10,1.0009,1.0525
164809,工银中证500指数,2014/3/07,1.039,1.0906
164809,工银中证500指数,2014/3/06,1.044,1.0956
164809,工银中证500指数,2014/3/05,1.0453,1.0969
164809,工银中证500指数,2014/3/04,1.0505,1.1021
164809,工银中证500指数,2014/3/03,1.0504,1.102
164809,工银中证500指数,2014/2/28,1.0303,1.0819
164809,工银中证500指数,2014/2/27,1.0203,1.0719
164809,工银中证500指数,2014/2/26,1.0334,1.085
164809,工银中证500指数,2014/2/25,1.0271,1.0787
164809,工银中证500指数,2014/2/24,1.0624,1.114
164809,工银中证500指数,2014/2/21,1.0667,1.1183
164809,工银中证500指数,2014/2/20,1.0735,1.1251
164809,工银中证500指数,2014/2/19,1.0879,1.1395
164809,工银中证500指数,2014/2/18,1.0879,1.1395
164809,工银中证500指数,2014/2/17,1.0892,1.1408
164809,工银中证500指数,2014/2/14,1.0701,1.1217
164809,工银中证500指数,2014/2/13,1.0532,1.1048
164809,工银中证500指数,2014/2/12,1.0685,1.1201
164809,工银中证500指数,2014/2/11,1.0575,1.1091
164809,工银中证500指数,2014/2/10,1.0561,1.1077
164809,工银中证500指数,2014/2/07,1.0274,1.079
164809,工银中证500指数,2014/1/30,1.0101,1.0617
164809,工银中证500指数,2014/1/29,1.0159,1.0675
164809,工银中证500指数,2014/1/28,1.0073,1.0589
164809,工银中证500指数,2014/1/27,1.0092,1.0608
164809,工银中证500指数,2014/1/24,1.0096,1.0612
164809,工银中证500指数,2014/1/23,0.9955,1.0471
164809,工银中证500指数,2014/1/22,0.9892,1.0408
164809,工银中证500指数,2014/1/21,0.9649,1.0165
164809,工银中证500指数,2014/1/20,0.9512,1.0028
164809,工银中证500指数,2014/1/17,0.9579,1.0095
164809,工银中证500指数,2014/1/16,0.9683,1.0199
164809,工银中证500指数,2014/1/15,0.9669,1.0185
164809,工银中证500指数,2014/1/14,0.9609,1.0125
164809,工银中证500指数,2014/1/13,0.9432,0.9948
164809,工银中证500指数,2014/1/10,0.9474,0.999
164809,工银中证500指数,2014/1/09,0.9642,1.0158
164809,工银中证500指数,2014/1/08,0.9747,1.0263
164809,工银中证500指数,2014/1/07,0.9737,1.0253
164809,工银中证500指数,2014/1/06,0.9681,1.0197
164809,工银中证500指数,2014/1/03,0.9943,1.0459
164809,工银中证500指数,2014/1/02,1.0023,1.0539
164809,工银中证500指数,2013/12/31,1.0237,1.0493
164809,工银中证500指数,2013/12/30,1.0197,1.0453
164809,工银中证500指数,2013/12/27,1.0168,1.0424
164809,工银中证500指数,2013/12/26,1.0022,1.0278
164809,工银中证500指数,2013/12/25,1.0188,1.0444
164809,工银中证500指数,2013/12/24,1.0088,1.0344
164809,工银中证500指数,2013/12/23,1.0023,1.0279
164809,工银中证500指数,2013/12/20,1.0035,1.0291
164809,工银中证500指数,2013/12/19,1.0158,1.0414
164809,工银中证500指数,2013/12/18,1.0258,1.0514
164809,工银中证500指数,2013/12/17,1.0259,1.0515
164809,工银中证500指数,2013/12/16,1.0321,1.0577
164809,工银中证500指数,2013/12/13,1.0496,1.0752
164809,工银中证500指数,2013/12/12,1.048,1.0736
164809,工银中证500指数,2013/12/11,1.0456,1.0712
164809,工银中证500指数,2013/12/10,1.0567,1.0823
164809,工银中证500指数,2013/12/09,1.056,1.0816
164809,工银中证500指数,2013/12/06,1.0488,1.0744
164809,工银中证500指数,2013/12/05,1.0513,1.0769
164809,工银中证500指数,2013/12/04,1.0524,1.078
164809,工银中证500指数,2013/12/03,1.0336,1.0592
164809,工银中证500指数,2013/12/02,1.011,1.0366
164809,工银中证500指数,2013/11/29,1.0559,1.0815
164809,工银中证500指数,2013/11/28,1.0499,1.0755
164809,工银中证500指数,2013/11/27,1.0416,1.0672
164809,工银中证500指数,2013/11/26,1.0305,1.0561
164809,工银中证500指数,2013/11/25,1.029,1.0546
164809,工银中证500指数,2013/11/22,1.0299,1.0555
164809,工银中证500指数,2013/11/21,1.0357,1.0613
164809,工银中证500指数,2013/11/20,1.0392,1.0648
164809,工银中证500指数,2013/11/19,1.0295,1.0551
164809,工银中证500指数,2013/11/18,1.0264,1.052
164809,工银中证500指数,2013/11/15,1.0032,1.0288
164809,工银中证500指数,2013/11/14,0.9837,1.0093
164809,工银中证500指数,2013/11/13,0.9715,0.9971
164809,工银中证500指数,2013/11/12,0.9892,1.0148
164809,工银中证500指数,2013/11/11,0.9803,1.0059
164809,工银中证500指数,2013/11/08,0.9764,1.002
164809,工银中证500指数,2013/11/07,0.9906,1.0162
164809,工银中证500指数,2013/11/06,1.004,1.0296
164809,工银中证500指数,2013/11/05,1.0144,1.04
164809,工银中证500指数,2013/11/04,1.0019,1.0275
164809,工银中证500指数,2013/11/01,0.9955,1.0211
164809,工银中证500指数,2013/10/31,0.9984,1.024
164809,工银中证500指数,2013/10/30,1.0115,1.0371
164809,工银中证500指数,2013/10/29,0.996,1.0216
164809,工银中证500指数,2013/10/28,1.023,1.0486
164809,工银中证500指数,2013/10/25,1.0268,1.0524
164809,工银中证500指数,2013/10/24,1.0464,1.072
164809,工银中证500指数,2013/10/23,1.0531,1.0787
164809,工银中证500指数,2013/10/22,1.0804,1.106
164809,工银中证500指数,2013/10/21,1.0919,1.1175
164809,工银中证500指数,2013/10/18,1.0666,1.0922
164809,工银中证500指数,2013/10/17,1.0631,1.0887
164809,工银中证500指数,2013/10/16,1.0647,1.0903
164809,工银中证500指数,2013/10/15,1.0938,1.1194
164809,工银中证500指数,2013/10/14,1.0929,1.1185
164809,工银中证500指数,2013/10/11,1.0823,1.1079
164809,工银中证500指数,2013/10/10,1.0626,1.0882
164809,工银中证500指数,2013/10/09,1.068,1.0936
164809,工银中证500指数,2013/10/08,1.0571,1.0827
164809,工银中证500指数,2013/9/30,1.0409,1.0665
164809,工银中证500指数,2013/9/27,1.0284,1.054
164809,工银中证500指数,2013/9/26,1.0248,1.0504
164809,工银中证500指数,2013/9/25,1.0462,1.0718
164809,工银中证500指数,2013/9/24,1.0504,1.076
164809,工银中证500指数,2013/9/23,1.0495,1.0751
164809,工银中证500指数,2013/9/18,1.03,1.0556
164809,工银中证500指数,2013/9/17,1.0209,1.0465
164809,工银中证500指数,2013/9/16,1.0382,1.0638
164809,工银中证500指数,2013/9/13,1.0371,1.0627
164809,工银中证500指数,2013/9/12,1.0361,1.0617
164809,工银中证500指数,2013/9/11,1.0334,1.059
164809,工银中证500指数,2013/9/10,1.0429,1.0685
164809,工银中证500指数,2013/9/09,1.0329,1.0585
164809,工银中证500指数,2013/9/06,1.023,1.0486
164809,工银中证500指数,2013/9/05,1.0153,1.0409
164809,工银中证500指数,2013/9/04,1.0135,1.0391
164809,工银中证500指数,2013/9/03,1.0109,1.0365
164809,工银中证500指数,2013/9/02,0.9971,1.0227
164809,工银中证500指数,2013/8/30,0.9907,1.0163
164809,工银中证500指数,2013/8/29,0.9999,1.0255
164809,工银中证500指数,2013/8/28,1.0007,1.0263
164809,工银中证500指数,2013/8/27,1.0078,1.0334
164809,工银中证500指数,2013/8/26,1.0006,1.0262
164809,工银中证500指数,2013/8/23,0.9813,1.0069
164809,工银中证500指数,2013/8/22,0.9836,1.0092
164809,工银中证500指数,2013/8/21,0.9813,1.0069
164809,工银中证500指数,2013/8/20,0.9742,0.9998
164809,工银中证500指数,2013/8/19,0.9766,1.0022
164809,工银中证500指数,2013/8/16,0.9627,0.9883
164809,工银中证500指数,2013/8/15,0.9824,1.008
164809,工银中证500指数,2013/8/14,0.9952,1.0208
164809,工银中证500指数,2013/8/13,0.999,1.0246
164809,工银中证500指数,2013/8/12,0.9941,1.0197
164809,工银中证500指数,2013/8/09,0.9794,1.005
164809,工银中证500指数,2013/8/08,0.9761,1.0017
164809,工银中证500指数,2013/8/07,0.9736,0.9992
164809,工银中证500指数,2013/8/06,0.9826,1.0082
164809,工银中证500指数,2013/8/05,0.9729,0.9985
164809,工银中证500指数,2013/8/02,0.9578,0.9834
164809,工银中证500指数,2013/8/01,0.9546,0.9802
164809,工银中证500指数,2013/7/31,0.9312,0.9568
164809,工银中证500指数,2013/7/30,0.9263,0.9519
164809,工银中证500指数,2013/7/29,0.9303,0.9559
164809,工银中证500指数,2013/7/26,0.9479,0.9735
164809,工银中证500指数,2013/7/25,0.9489,0.9745
164809,工银中证500指数,2013/7/24,0.9665,0.9921
164809,工银中证500指数,2013/7/23,0.9612,0.9868
164809,工银中证500指数,2013/7/22,0.9396,0.9652
164809,工银中证500指数,2013/7/19,0.9224,0.948
164809,工银中证500指数,2013/7/18,0.9448,0.9704
164809,工银中证500指数,2013/7/17,0.9457,0.9713
164809,工银中证500指数,2013/7/16,0.9588,0.9844
164809,工银中证500指数,2013/7/15,0.9476,0.9732
164809,工银中证500指数,2013/7/12,0.9299,0.9555
164809,工银中证500指数,2013/7/11,0.9376,0.9632
164809,工银中证500指数,2013/7/10,0.9133,0.9389
164809,工银中证500指数,2013/7/09,0.8872,0.9128
164809,工银中证500指数,2013/7/08,0.8822,0.9078
164809,工银中证500指数,2013/7/05,0.9156,0.9412
164809,工银中证500指数,2013/7/04,0.9204,0.946
164809,工银中证500指数,2013/7/03,0.9134,0.939
164809,工银中证500指数,2013/7/02,0.9119,0.9375
164809,工银中证500指数,2013/7/01,0.8977,0.9233
164809,工银中证500指数,2013/6/30,0.8799,0.9055
164809,工银中证500指数,2013/6/28,0.88,0.9056
164809,工银中证500指数,2013/6/27,0.8795,0.9051
164809,工银中证500指数,2013/6/26,0.893,0.9186
164809,工银中证500指数,2013/6/25,0.8758,0.9014
164809,工银中证500指数,2013/6/24,0.8792,0.9048
164809,工银中证500指数,2013/6/21,0.9344,0.96
164809,工银中证500指数,2013/6/20,0.939,0.9646
164809,工银中证500指数,2013/6/19,0.9695,0.9951
164809,工银中证500指数,2013/6/18,0.9751,1.0007
164809,工银中证500指数,2013/6/17,0.9718,0.9974
164809,工银中证500指数,2013/6/14,0.9697,0.9953
164809,工银中证500指数,2013/6/13,0.9518,0.9774
164809,工银中证500指数,2013/6/07,0.9775,1.0031
164809,工银中证500指数,2013/6/06,0.9958,1.0214
164809,工银中证500指数,2013/6/05,1.0125,1.0381
164809,工银中证500指数,2013/6/04,1.0086,1.0342
164809,工银中证500指数,2013/6/03,1.0274,1.053
164809,工银中证500指数,2013/5/31,1.0339,1.0595
164809,工银中证500指数,2013/5/30,1.0399,1.0655
164809,工银中证500指数,2013/5/29,1.0375,1.0631
164809,工银中证500指数,2013/5/28,1.0303,1.0559
164809,工银中证500指数,2013/5/27,1.0285,1.0541
164809,工银中证500指数,2013/5/24,1.0186,1.0442
164809,工银中证500指数,2013/5/23,1.0034,1.029
164809,工银中证500指数,2013/5/22,1.0117,1.0373
164809,工银中证500指数,2013/5/21,1.0192,1.0448
164809,工银中证500指数,2013/5/20,1.0069,1.0325
164809,工银中证500指数,2013/5/17,0.9954,1.021
164809,工银中证500指数,2013/5/16,0.9811,1.0067
164809,工银中证500指数,2013/5/15,0.9718,0.9974
164809,工银中证500指数,2013/5/14,0.9597,0.9853
164809,工银中证500指数,2013/5/13,0.9699,0.9955
164809,工银中证500指数,2013/5/10,0.9667,0.9923
164809,工银中证500指数,2013/5/09,0.9608,0.9864
164809,工银中证500指数,2013/5/08,0.9604,0.986
164809,工银中证500指数,2013/5/07,0.9523,0.9779
164809,工银中证500指数,2013/5/06,0.9504,0.976
164809,工银中证500指数,2013/5/03,0.9338,0.9594
164809,工银中证500指数,2013/5/02,0.9168,0.9424
164809,工银中证500指数,2013/4/26,0.9132,0.9388
164809,工银中证500指数,2013/4/25,0.9272,0.9528
164809,工银中证500指数,2013/4/24,0.9408,0.9664
164809,工银中证500指数,2013/4/23,0.9234,0.949
164809,工银中证500指数,2013/4/22,0.9478,0.9734
164809,工银中证500指数,2013/4/19,0.9438,0.9694
164809,工银中证500指数,2013/4/18,0.9255,0.9511
164809,工银中证500指数,2013/4/17,0.9229,0.9485
164809,工银中证500指数,2013/4/16,0.9153,0.9409
164809,工银中证500指数,2013/4/15,0.9062,0.9318
164809,工银中证500指数,2013/4/12,0.9184,0.944
164809,工银中证500指数,2013/4/11,0.9257,0.9513
164809,工银中证500指数,2013/4/10,0.9294,0.955
164809,工银中证500指数,2013/4/09,0.9311,0.9567
164809,工银中证500指数,2013/4/08,0.9227,0.9483
164809,工银中证500指数,2013/4/03,0.9195,0.9451
164809,工银中证500指数,2013/4/02,0.9275,0.9531
164809,工银中证500指数,2013/4/01,0.9382,0.9638
164809,工银中证500指数,2013/3/29,0.9325,0.9581
164809,工银中证500指数,2013/3/28,0.933,0.9586
164809,工银中证500指数,2013/3/27,0.9595,0.9851
164809,工银中证500指数,2013/3/26,0.9576,0.9832
164809,工银中证500指数,2013/3/25,0.964,0.9896
164809,工银中证500指数,2013/3/22,0.9671,0.9927
164809,工银中证500指数,2013/3/21,0.9634,0.989
164809,工银中证500指数,2013/3/20,0.9539,0.9795
164809,工银中证500指数,2013/3/19,0.9309,0.9565
164809,工银中证500指数,2013/3/18,0.9278,0.9534
164809,工银中证500指数,2013/3/15,0.9393,0.9649
164809,工银中证500指数,2013/3/14,0.9377,0.9633
164809,工银中证500指数,2013/3/13,0.9338,0.9594
164809,工银中证500指数,2013/3/12,0.9418,0.9674
164809,工银中证500指数,2013/3/11,0.9647,0.9903
164809,工银中证500指数,2013/3/08,0.9646,0.9902
164809,工银中证500指数,2013/3/07,0.9746,1.0002
164809,工银中证500指数,2013/3/06,0.986,1.0116
164809,工银中证500指数,2013/3/05,0.9718,0.9974
164809,工银中证500指数,2013/3/04,0.9518,0.9774
164809,工银中证500指数,2013/3/01,0.9852,1.0108
164809,工银中证500指数,2013/2/28,0.9751,1.0007
164809,工银中证500指数,2013/2/27,0.9574,0.983
164809,工银中证500指数,2013/2/26,0.9567,0.9823
164809,工银中证500指数,2013/2/25,0.9705,0.9961
164809,工银中证500指数,2013/2/22,0.9608,0.9864
164809,工银中证500指数,2013/2/21,0.9636,0.9892
164809,工银中证500指数,2013/2/20,0.9829,1.0085
164809,工银中证500指数,2013/2/19,0.964,0.9896
164809,工银中证500指数,2013/2/18,0.9813,1.0069
164809,工银中证500指数,2013/2/08,0.9766,1.0022
164809,工银中证500指数,2013/2/07,0.9634,0.989
164809,工银中证500指数,2013/2/06,0.96,0.9856
164809,工银中证500指数,2013/2/05,0.954,0.9796
164809,工银中证500指数,2013/2/04,0.9448,0.9704
164809,工银中证500指数,2013/2/01,0.9508,0.9764
164809,工银中证500指数,2013/1/31,0.9435,0.9691
164809,工银中证500指数,2013/1/30,0.9489,0.9745
164809,工银中证500指数,2013/1/29,0.9443,0.9699
164809,工银中证500指数,2013/1/28,0.9358,0.9614
164809,工银中证500指数,2013/1/25,0.9137,0.9393
164809,工银中证500指数,2013/1/24,0.9153,0.9409
164809,工银中证500指数,2013/1/23,0.9339,0.9595
164809,工银中证500指数,2013/1/22,0.9323,0.9579
164809,工银中证500指数,2013/1/21,0.947,0.9726
164809,工银中证500指数,2013/1/18,0.9404,0.966
164809,工银中证500指数,2013/1/17,0.9256,0.9512
164809,工银中证500指数,2013/1/16,0.9367,0.9623
164809,工银中证500指数,2013/1/15,0.9368,0.9624
164809,工银中证500指数,2013/1/14,0.9197,0.9453
164809,工银中证500指数,2013/1/11,0.8904,0.916
164809,工银中证500指数,2013/1/10,0.9125,0.9381
164809,工银中证500指数,2013/1/09,0.907,0.9326
164809,工银中证500指数,2013/1/08,0.9049,0.9305
164809,工银中证500指数,2013/1/07,0.8951,0.9207
164809,工银中证500指数,2013/1/04,0.8876,0.9133
164809,工银中证500指数,2012/12/31,0.9182,0.9182
164809,工银中证500指数,2012/12/28,0.9085,0.9085
164809,工银中证500指数,2012/12/27,0.8989,0.8989
164809,工银中证500指数,2012/12/26,0.9068,0.9068
164809,工银中证500指数,2012/12/25,0.8963,0.8963
164809,工银中证500指数,2012/12/24,0.8771,0.8771
164809,工银中证500指数,2012/12/21,0.8728,0.8728
164809,工银中证500指数,2012/12/20,0.8749,0.8749
164809,工银中证500指数,2012/12/19,0.8724,0.8724
164809,工银中证500指数,2012/12/18,0.8691,0.8691
164809,工银中证500指数,2012/12/17,0.8705,0.8705
164809,工银中证500指数,2012/12/14,0.8638,0.8638
164809,工银中证500指数,2012/12/13,0.8306,0.8306
164809,工银中证500指数,2012/12/12,0.8413,0.8413
164809,工银中证500指数,2012/12/11,0.8411,0.8411
164809,工银中证500指数,2012/12/10,0.8467,0.8467
164809,工银中证500指数,2012/12/07,0.8326,0.8326
164809,工银中证500指数,2012/12/06,0.8149,0.8149
164809,工银中证500指数,2012/12/05,0.8155,0.8155
164809,工银中证500指数,2012/12/04,0.7877,0.7877
164809,工银中证500指数,2012/12/03,0.7785,0.7785
164809,工银中证500指数,2012/11/30,0.7969,0.7969
164809,工银中证500指数,2012/11/29,0.7855,0.7855
164809,工银中证500指数,2012/11/28,0.7926,0.7926
164809,工银中证500指数,2012/11/27,0.8097,0.8097
164809,工银中证500指数,2012/11/26,0.8383,0.8383
164809,工银中证500指数,2012/11/23,0.8473,0.8473
164809,工银中证500指数,2012/11/22,0.844,0.844
164809,工银中证500指数,2012/11/21,0.8559,0.8559
164809,工银中证500指数,2012/11/20,0.8476,0.8476
164809,工银中证500指数,2012/11/19,0.8509,0.8509
164809,工银中证500指数,2012/11/16,0.8491,0.8491
164809,工银中证500指数,2012/11/15,0.8539,0.8539
164809,工银中证500指数,2012/11/14,0.8685,0.8685
164809,工银中证500指数,2012/11/13,0.8661,0.8661
164809,工银中证500指数,2012/11/12,0.8833,0.8833
164809,工银中证500指数,2012/11/09,0.8783,0.8783
164809,工银中证500指数,2012/11/08,0.8818,0.8818
164809,工银中证500指数,2012/11/07,0.9032,0.9032
164809,工银中证500指数,2012/11/06,0.9043,0.9043
164809,工银中证500指数,2012/11/05,0.9103,0.9103
164809,工银中证500指数,2012/11/02,0.9142,0.9142
164809,工银中证500指数,2012/11/01,0.9085,0.9085
164809,工银中证500指数,2012/10/31,0.8925,0.8925
164809,工银中证500指数,2012/10/30,0.8905,0.8905
164809,工银中证500指数,2012/10/29,0.8901,0.8901
164809,工银中证500指数,2012/10/26,0.8914,0.8914
164809,工银中证500指数,2012/10/25,0.9077,0.9077
164809,工银中证500指数,2012/10/24,0.9162,0.9162
164809,工银中证500指数,2012/10/23,0.9165,0.9165
164809,工银中证500指数,2012/10/22,0.9271,0.9271
164809,工银中证500指数,2012/10/19,0.9238,0.9238
164809,工银中证500指数,2012/10/18,0.9263,0.9263
164809,工银中证500指数,2012/10/17,0.9122,0.9122
164809,工银中证500指数,2012/10/16,0.9102,0.9102
164809,工银中证500指数,2012/10/15,0.9074,0.9074
164809,工银中证500指数,2012/10/12,0.9121,0.9121
164809,工银中证500指数,2012/10/11,0.9142,0.9142
164809,工银中证500指数,2012/10/10,0.9272,0.9272
164809,工银中证500指数,2012/10/09,0.9189,0.9189
164809,工银中证500指数,2012/10/08,0.8969,0.8969
164809,工银中证500指数,2012/9/30,0.9018,0.9018
164809,工银中证500指数,2012/9/28,0.9018,0.9018
164809,工银中证500指数,2012/9/27,0.8864,0.8864
164809,工银中证500指数,2012/9/26,0.868,0.868
164809,工银中证500指数,2012/9/25,0.8874,0.8874
164809,工银中证500指数,2012/9/24,0.8935,0.8935
164809,工银中证500指数,2012/9/21,0.8874,0.8874
164809,工银中证500指数,2012/9/20,0.8922,0.8922
164809,工银中证500指数,2012/9/19,0.9174,0.9174
164809,工银中证500指数,2012/9/18,0.9089,0.9089
164809,工银中证500指数,2012/9/17,0.9125,0.9125
164809,工银中证500指数,2012/9/14,0.9394,0.9394
164809,工银中证500指数,2012/9/13,0.9371,0.9371
164809,工银中证500指数,2012/9/12,0.9496,0.9496
164809,工银中证500指数,2012/9/11,0.9427,0.9427
164809,工银中证500指数,2012/9/10,0.9463,0.9463
164809,工银中证500指数,2012/9/07,0.9388,0.9388
164809,工银中证500指数,2012/9/06,0.9076,0.9076
164809,工银中证500指数,2012/9/05,0.898,0.898
164809,工银中证500指数,2012/9/04,0.8935,0.8935
164809,工银中证500指数,2012/9/03,0.903,0.903
164809,工银中证500指数,2012/8/31,0.8868,0.8868
164809,工银中证500指数,2012/8/30,0.8841,0.8841
164809,工银中证500指数,2012/8/29,0.8975,0.8975
164809,工银中证500指数,2012/8/28,0.9033,0.9033
164809,工银中证500指数,2012/8/27,0.8989,0.8989
164809,工银中证500指数,2012/8/24,0.9207,0.9207
164809,工银中证500指数,2012/8/23,0.9373,0.9373
164809,工银中证500指数,2012/8/22,0.9315,0.9315
164809,工银中证500指数,2012/8/21,0.9395,0.9395
164809,工银中证500指数,2012/8/20,0.9271,0.9271
164809,工银中证500指数,2012/8/17,0.9264,0.9264
164809,工银中证500指数,2012/8/16,0.9264,0.9264
164809,工银中证500指数,2012/8/15,0.9329,0.9329
164809,工银中证500指数,2012/8/14,0.9433,0.9433
164809,工银中证500指数,2012/8/13,0.9349,0.9349
164809,工银中证500指数,2012/8/10,0.9558,0.9558
164809,工银中证500指数,2012/8/09,0.9583,0.9583
164809,工银中证500指数,2012/8/08,0.9452,0.9452
164809,工银中证500指数,2012/8/07,0.9481,0.9481
164809,工银中证500指数,2012/8/06,0.9399,0.9399
164809,工银中证500指数,2012/8/03,0.9193,0.9193
164809,工银中证500指数,2012/8/02,0.9022,0.9022
164809,工银中证500指数,2012/8/01,0.9078,0.9078
164809,工银中证500指数,2012/7/31,0.8926,0.8926
164809,工银中证500指数,2012/7/30,0.9083,0.9083
164809,工银中证500指数,2012/7/27,0.9262,0.9262
164809,工银中证500指数,2012/7/26,0.9314,0.9314
164809,工银中证500指数,2012/7/25,0.9394,0.9394
164809,工银中证500指数,2012/7/24,0.9471,0.9471
164809,工银中证500指数,2012/7/23,0.9409,0.9409
164809,工银中证500指数,2012/7/20,0.9494,0.9494
164809,工银中证500指数,2012/7/19,0.9556,0.9556
164809,工银中证500指数,2012/7/18,0.9449,0.9449
164809,工银中证500指数,2012/7/17,0.94,0.94
164809,工银中证500指数,2012/7/16,0.9337,0.9337
164809,工银中证500指数,2012/7/13,0.9671,0.9671
164809,工银中证500指数,2012/7/12,0.9711,0.9711
164809,工银中证500指数,2012/7/11,0.959,0.959
164809,工银中证500指数,2012/7/10,0.9486,0.9486
164809,工银中证500指数,2012/7/09,0.9573,0.9573
164809,工银中证500指数,2012/7/06,0.9806,0.9806
164809,工银中证500指数,2012/7/05,0.9622,0.9622
164809,工银中证500指数,2012/7/04,0.9832,0.9832
164809,工银中证500指数,2012/7/03,0.988,0.988
164809,工银中证500指数,2012/7/02,0.9863,0.9863
164809,工银中证500指数,2012/6/30,0.9758,0.9758
164809,工银中证500指数,2012/6/29,0.9758,0.9758
164809,工银中证500指数,2012/6/28,0.9642,0.9642
164809,工银中证500指数,2012/6/27,0.9775,0.9775
164809,工银中证500指数,2012/6/26,0.9811,0.9811
164809,工银中证500指数,2012/6/25,0.9819,0.9819
164809,工银中证500指数,2012/6/21,1.008,1.008
164809,工银中证500指数,2012/6/20,1.0199,1.0199
164809,工银中证500指数,2012/6/19,1.0258,1.0258
164809,工银中证500指数,2012/6/18,1.0326,1.0326
164809,工银中证500指数,2012/6/15,1.023,1.023
164809,工银中证500指数,2012/6/14,1.0238,1.0238
164809,工银中证500指数,2012/6/13,1.0302,1.0302
164809,工银中证500指数,2012/6/12,1.0127,1.0127
164809,工银中证500指数,2012/6/11,1.0185,1.0185
164809,工银中证500指数,2012/6/08,1.0008,1.0008
164809,工银中证500指数,2012/6/07,1.0057,1.0057
164809,工银中证500指数,2012/6/06,1.011,1.011
164809,工银中证500指数,2012/6/05,1.0157,1.0157
164809,工银中证500指数,2012/6/04,1.0166,1.0166
164809,工银中证500指数,2012/6/01,1.0497,1.0497
164809,工银中证500指数,2012/5/31,1.0521,1.0521
164809,工银中证500指数,2012/5/30,1.0516,1.0516
164809,工银中证500指数,2012/5/29,1.0497,1.0497
164809,工银中证500指数,2012/5/28,1.0341,1.0341
164809,工银中证500指数,2012/5/25,1.0203,1.0203
164809,工银中证500指数,2012/5/24,1.0314,1.0314
164809,工银中证500指数,2012/5/23,1.0396,1.0396
164809,工银中证500指数,2012/5/22,1.04,1.04
164809,工银中证500指数,2012/5/21,1.0247,1.0247
164809,工银中证500指数,2012/5/18,1.0254,1.0254
164809,工银中证500指数,2012/5/17,1.0411,1.0411
164809,工银中证500指数,2012/5/16,1.0267,1.0267
164809,工银中证500指数,2012/5/15,1.0385,1.0385
164809,工银中证500指数,2012/5/14,1.0395,1.0395
164809,工银中证500指数,2012/5/11,1.0411,1.0411
164809,工银中证500指数,2012/5/10,1.0456,1.0456
164809,工银中证500指数,2012/5/09,1.0421,1.0421
164809,工银中证500指数,2012/5/08,1.0605,1.0605
164809,工银中证500指数,2012/5/07,1.0609,1.0609
164809,工银中证500指数,2012/5/04,1.0541,1.0541
164809,工银中证500指数,2012/5/03,1.0477,1.0477
164809,工银中证500指数,2012/5/02,1.0437,1.0437
164809,工银中证500指数,2012/4/27,1.0296,1.0296
164809,工银中证500指数,2012/4/26,1.039,1.039
164809,工银中证500指数,2012/4/25,1.044,1.044
164809,工银中证500指数,2012/4/24,1.0297,1.0297
164809,工银中证500指数,2012/4/23,1.0372,1.0372
164809,工银中证500指数,2012/4/20,1.0499,1.0499
164809,工银中证500指数,2012/4/19,1.0414,1.0414
164809,工银中证500指数,2012/4/18,1.0437,1.0437
164809,工银中证500指数,2012/4/17,1.0212,1.0212
164809,工银中证500指数,2012/4/16,1.0363,1.0363
164809,工银中证500指数,2012/4/13,1.0337,1.0337
164809,工银中证500指数,2012/4/12,1.0245,1.0245
164809,工银中证500指数,2012/4/11,1.0047,1.0047
164809,工银中证500指数,2012/4/10,1.0014,1.0014
164809,工银中证500指数,2012/4/09,0.9892,0.9892
164809,工银中证500指数,2012/4/06,0.9996,0.9996
164809,工银中证500指数,2012/4/05,0.9978,0.9978
164809,工银中证500指数,2012/3/31,0.9909,0.9909
164809,工银中证500指数,2012/3/30,0.9909,0.9909
164809,工银中证500指数,2012/3/29,0.9911,0.9911
164809,工银中证500指数,2012/3/28,0.9937,0.9937
164809,工银中证500指数,2012/3/27,0.9996,0.9996
164809,工银中证500指数,2012/3/26,1,1
164809,工银中证500指数,2012/3/23,1,1
164809,工银中证500指数,2012/3/22,1.0011,1.0011
164809,工银中证500指数,2012/3/21,1.0013,1.0013
164809,工银中证500指数,2012/3/20,1.0011,1.0011
164809,工银中证500指数,2012/3/19,1.0017,1.0017
164809,工银中证500指数,2012/3/16,1.0013,1.0013
164809,工银中证500指数,2012/3/09,1.0059,1.0059
164809,工银中证500指数,2012/3/02,1.004,1.004
164809,工银中证500指数,2012/2/24,1.0039,1.0039
164809,工银中证500指数,2012/2/17,1.0016,1.0016
164809,工银中证500指数,2012/2/10,1.0007,1.0007
164809,工银中证500指数,2012/2/03,1,1
164809,工银中证500指数,2012/1/31,1,1
164403,前海开源农业分级,2015/10/26,0.995,0.995
164403,前海开源农业分级,2015/10/23,0.994,0.994
164403,前海开源农业分级,2015/10/22,0.993,0.993
164403,前海开源农业分级,2015/10/21,0.991,0.991
164403,前海开源农业分级,2015/10/20,0.995,0.995
164403,前海开源农业分级,2015/10/19,0.994,0.994
164403,前海开源农业分级,2015/10/16,0.994,0.994
164403,前海开源农业分级,2015/10/15,0.994,0.994
164403,前海开源农业分级,2015/10/14,0.993,0.993
164403,前海开源农业分级,2015/10/13,0.993,0.993
164403,前海开源农业分级,2015/10/12,0.993,0.993
164403,前海开源农业分级,2015/10/9,0.991,0.991
164403,前海开源农业分级,2015/10/8,0.99,0.99
164403,前海开源农业分级,2015/9/30,0.989,0.989
164403,前海开源农业分级,2015/9/29,0.988,0.988
164403,前海开源农业分级,2015/9/28,0.989,0.989
164403,前海开源农业分级,2015/9/25,0.989,0.989
164403,前海开源农业分级,2015/9/24,0.99,0.99
164403,前海开源农业分级,2015/9/23,0.989,0.989
164403,前海开源农业分级,2015/9/22,0.99,0.99
164403,前海开源农业分级,2015/9/21,0.99,0.99
164403,前海开源农业分级,2015/9/18,0.988,0.988
164403,前海开源农业分级,2015/9/17,0.988,0.988
164403,前海开源农业分级,2015/9/16,0.989,0.989
164403,前海开源农业分级,2015/9/15,0.986,0.986
164403,前海开源农业分级,2015/9/14,0.988,0.988
164403,前海开源农业分级,2015/9/11,0.991,0.991
164403,前海开源农业分级,2015/9/10,0.991,0.991
164403,前海开源农业分级,2015/9/09,0.992,0.992
164403,前海开源农业分级,2015/9/08,0.992,0.992
164403,前海开源农业分级,2015/9/07,0.991,0.991
164403,前海开源农业分级,2015/9/02,0.991,0.991
164403,前海开源农业分级,2015/9/01,0.992,0.992
164403,前海开源农业分级,2015/8/31,0.993,0.993
164403,前海开源农业分级,2015/8/28,0.994,0.994
164403,前海开源农业分级,2015/8/27,0.992,0.992
164403,前海开源农业分级,2015/8/26,0.99,0.99
164403,前海开源农业分级,2015/8/25,0.991,0.991
164403,前海开源农业分级,2015/8/24,0.994,0.994
164403,前海开源农业分级,2015/8/21,0.997,0.997
164403,前海开源农业分级,2015/8/20,1,1
164403,前海开源农业分级,2015/8/19,1.001,1.001
164403,前海开源农业分级,2015/8/18,1,1
164403,前海开源农业分级,2015/8/17,1.003,1.003
164403,前海开源农业分级,2015/8/14,1.002,1.002
164403,前海开源农业分级,2015/8/13,1.002,1.002
164403,前海开源农业分级,2015/8/12,1.001,1.001
164403,前海开源农业分级,2015/8/11,1.002,1.002
164403,前海开源农业分级,2015/8/10,1.002,1.002
164403,前海开源农业分级,2015/8/07,1,1
164403,前海开源农业分级,2015/8/06,0.998,0.998
164403,前海开源农业分级,2015/8/05,0.999,0.999
164403,前海开源农业分级,2015/8/04,1,1
164403,前海开源农业分级,2015/8/03,0.996,0.996
164403,前海开源农业分级,2015/7/31,0.997,0.997
164403,前海开源农业分级,2015/7/30,0.998,0.998
164403,前海开源农业分级,2015/7/29,1,1
164403,前海开源农业分级,2015/7/28,0.997,0.997
164403,前海开源农业分级,2015/7/27,0.996,0.996
164403,前海开源农业分级,2015/7/24,1.003,1.003
164403,前海开源农业分级,2015/7/23,1.006,1.006
164403,前海开源农业分级,2015/7/22,1.004,1.004
164403,前海开源农业分级,2015/7/21,1.003,1.003
164403,前海开源农业分级,2015/7/20,1.001,1.001
164403,前海开源农业分级,2015/7/17,1,1
164403,前海开源农业分级,2015/7/16,0.996,0.996
164403,前海开源农业分级,2015/7/15,0.994,0.994
164403,前海开源农业分级,2015/7/14,0.997,0.997
164403,前海开源农业分级,2015/7/13,0.996,0.996
164403,前海开源农业分级,2015/7/10,0.995,0.995
164403,前海开源农业分级,2015/7/09,0.995,0.995
164403,前海开源农业分级,2015/7/03,0.995,0.995
164403,前海开源农业分级,2015/6/30,0.998,0.998
164403,前海开源农业分级,2015/6/26,0.998,0.998
164403,前海开源农业分级,2015/6/19,0.999,0.999
164403,前海开源农业分级,2015/6/12,1,1
164403,前海开源农业分级,2015/6/05,1,1
164403,前海开源农业分级,2015/6/04,1,1
164508,国富中证100指数增强分级,2015/10/26,0.854,0.854
164508,国富中证100指数增强分级,2015/10/23,0.851,0.851
164508,国富中证100指数增强分级,2015/10/22,0.844,0.844
164508,国富中证100指数增强分级,2015/10/21,0.84,0.84
164508,国富中证100指数增强分级,2015/10/20,0.851,0.851
164508,国富中证100指数增强分级,2015/10/19,0.844,0.844
164508,国富中证100指数增强分级,2015/10/16,0.844,0.844
164508,国富中证100指数增强分级,2015/10/15,0.836,0.836
164508,国富中证100指数增强分级,2015/10/14,0.82,0.82
164508,国富中证100指数增强分级,2015/10/13,0.828,0.828
164508,国富中证100指数增强分级,2015/10/12,0.831,0.831
164508,国富中证100指数增强分级,2015/10/9,0.808,0.808
164508,国富中证100指数增强分级,2015/10/8,0.799,0.799
164508,国富中证100指数增强分级,2015/9/30,0.781,0.781
164508,国富中证100指数增强分级,2015/9/29,0.775,0.775
164508,国富中证100指数增强分级,2015/9/28,0.788,0.788
164508,国富中证100指数增强分级,2015/9/25,0.79,0.79
164508,国富中证100指数增强分级,2015/9/24,0.797,0.797
164508,国富中证100指数增强分级,2015/9/23,0.794,0.794
164508,国富中证100指数增强分级,2015/9/22,0.813,0.813
164508,国富中证100指数增强分级,2015/9/21,0.806,0.806
164508,国富中证100指数增强分级,2015/9/18,0.797,0.797
164508,国富中证100指数增强分级,2015/9/17,0.795,0.795
164508,国富中证100指数增强分级,2015/9/16,0.811,0.811
164508,国富中证100指数增强分级,2015/9/15,0.781,0.781
164508,国富中证100指数增强分级,2015/9/14,0.805,0.805
164508,国富中证100指数增强分级,2015/9/11,0.806,0.806
164508,国富中证100指数增强分级,2015/9/10,0.81,0.81
164508,国富中证100指数增强分级,2015/9/09,0.815,0.815
164508,国富中证100指数增强分级,2015/9/08,0.802,0.802
164508,国富中证100指数增强分级,2015/9/07,0.783,0.783
164508,国富中证100指数增强分级,2015/9/02,0.817,0.817
164508,国富中证100指数增强分级,2015/9/01,0.814,0.814
164508,国富中证100指数增强分级,2015/8/31,0.811,0.811
164508,国富中证100指数增强分级,2015/8/28,0.799,0.799
164508,国富中证100指数增强分级,2015/8/27,0.772,0.772
164508,国富中证100指数增强分级,2015/8/26,0.724,0.724
164508,国富中证100指数增强分级,2015/8/25,0.718,0.718
164508,国富中证100指数增强分级,2015/8/24,0.769,0.769
164508,国富中证100指数增强分级,2015/8/21,0.843,0.843
164508,国富中证100指数增强分级,2015/8/20,0.878,0.878
164508,国富中证100指数增强分级,2015/8/19,0.905,0.905
164508,国富中证100指数增强分级,2015/8/18,0.894,0.894
164508,国富中证100指数增强分级,2015/8/17,0.949,0.949
164508,国富中证100指数增强分级,2015/8/14,0.954,0.954
164508,国富中证100指数增强分级,2015/8/13,0.953,0.953
164508,国富中证100指数增强分级,2015/8/12,0.944,0.944
164508,国富中证100指数增强分级,2015/8/11,0.955,0.955
164508,国富中证100指数增强分级,2015/8/10,0.961,0.961
164508,国富中证100指数增强分级,2015/8/07,0.921,0.921
164508,国富中证100指数增强分级,2015/8/06,0.907,0.907
164508,国富中证100指数增强分级,2015/8/05,0.915,0.915
164508,国富中证100指数增强分级,2015/8/04,0.933,0.933
164508,国富中证100指数增强分级,2015/8/03,0.912,0.912
164508,国富中证100指数增强分级,2015/7/31,0.906,0.906
164508,国富中证100指数增强分级,2015/7/30,0.905,0.905
164508,国富中证100指数增强分级,2015/7/29,0.929,0.929
164508,国富中证100指数增强分级,2015/7/28,0.91,0.91
164508,国富中证100指数增强分级,2015/7/27,0.909,0.909
164508,国富中证100指数增强分级,2015/7/24,0.997,0.997
164508,国富中证100指数增强分级,2015/7/23,1.013,1.013
164508,国富中证100指数增强分级,2015/7/22,0.994,0.994
164508,国富中证100指数增强分级,2015/7/21,0.998,0.998
164508,国富中证100指数增强分级,2015/7/20,1,1
164508,国富中证100指数增强分级,2015/7/17,1.004,1.004
164508,国富中证100指数增强分级,2015/7/16,0.975,0.975
164508,国富中证100指数增强分级,2015/7/15,0.973,0.973
164508,国富中证100指数增强分级,2015/7/14,0.994,0.994
164508,国富中证100指数增强分级,2015/7/13,1.032,1.032
164508,国富中证100指数增强分级,2015/7/10,1.025,1.025
164508,国富中证100指数增强分级,2015/7/09,0.977,0.977
164508,国富中证100指数增强分级,2015/7/08,0.919,0.919
164508,国富中证100指数增强分级,2015/7/07,0.99,0.99
164508,国富中证100指数增强分级,2015/7/06,0.981,0.981
164508,国富中证100指数增强分级,2015/7/03,0.935,0.935
164508,国富中证100指数增强分级,2015/7/02,0.983,0.983
164508,国富中证100指数增强分级,2015/7/01,1.003,1.003
164508,国富中证100指数增强分级,2015/6/30,1.049,1.049
164508,国富中证100指数增强分级,2015/6/29,0.985,0.985
164508,国富中证100指数增强分级,2015/6/26,1.005,1.005
164508,国富中证100指数增强分级,2015/6/25,1.078,1.078
164508,国富中证100指数增强分级,2015/6/24,1.108,1.108
164508,国富中证100指数增强分级,2015/6/23,1.091,1.091
164508,国富中证100指数增强分级,2015/6/19,1.051,1.051
164508,国富中证100指数增强分级,2015/6/18,1.111,1.111
164508,国富中证100指数增强分级,2015/6/17,1.159,1.159
164508,国富中证100指数增强分级,2015/6/16,1.145,1.145
164508,国富中证100指数增强分级,2015/6/15,1.176,1.176
164508,国富中证100指数增强分级,2015/6/12,1.204,1.204
164508,国富中证100指数增强分级,2015/6/11,1.202,1.202
164508,国富中证100指数增强分级,2015/6/10,1.209,1.209
164508,国富中证100指数增强分级,2015/6/09,1.223,1.223
164508,国富中证100指数增强分级,2015/6/08,1.25,1.25
164508,国富中证100指数增强分级,2015/6/05,1.214,1.214
164508,国富中证100指数增强分级,2015/6/04,1.202,1.202
164508,国富中证100指数增强分级,2015/6/03,1.19,1.19
164508,国富中证100指数增强分级,2015/6/02,1.196,1.196
164508,国富中证100指数增强分级,2015/6/01,1.187,1.187
164508,国富中证100指数增强分级,2015/5/29,1.138,1.138
164508,国富中证100指数增强分级,2015/5/28,1.139,1.139
164508,国富中证100指数增强分级,2015/5/27,1.218,1.218
164508,国富中证100指数增强分级,2015/5/26,1.229,1.229
164508,国富中证100指数增强分级,2015/5/25,1.21,1.21
164508,国富中证100指数增强分级,2015/5/22,1.17,1.17
164508,国富中证100指数增强分级,2015/5/21,1.139,1.139
164508,国富中证100指数增强分级,2015/5/20,1.117,1.117
164508,国富中证100指数增强分级,2015/5/19,1.113,1.113
164508,国富中证100指数增强分级,2015/5/18,1.075,1.075
164508,国富中证100指数增强分级,2015/5/15,1.094,1.094
164508,国富中证100指数增强分级,2015/5/14,1.115,1.115
164508,国富中证100指数增强分级,2015/5/13,1.121,1.121
164508,国富中证100指数增强分级,2015/5/12,1.133,1.133
164508,国富中证100指数增强分级,2015/5/11,1.126,1.126
164508,国富中证100指数增强分级,2015/5/08,1.103,1.103
164508,国富中证100指数增强分级,2015/5/07,1.09,1.09
164508,国富中证100指数增强分级,2015/5/06,1.109,1.109
164508,国富中证100指数增强分级,2015/5/05,1.115,1.115
164508,国富中证100指数增强分级,2015/5/04,1.162,1.162
164508,国富中证100指数增强分级,2015/4/30,1.153,1.153
164508,国富中证100指数增强分级,2015/4/29,1.159,1.159
164508,国富中证100指数增强分级,2015/4/28,1.16,1.16
164508,国富中证100指数增强分级,2015/4/27,1.162,1.162
164508,国富中证100指数增强分级,2015/4/24,1.128,1.128
164508,国富中证100指数增强分级,2015/4/23,1.148,1.148
164508,国富中证100指数增强分级,2015/4/22,1.155,1.155
164508,国富中证100指数增强分级,2015/4/21,1.128,1.128
164508,国富中证100指数增强分级,2015/4/20,1.11,1.11
164508,国富中证100指数增强分级,2015/4/17,1.126,1.126
164508,国富中证100指数增强分级,2015/4/16,1.106,1.106
164508,国富中证100指数增强分级,2015/4/15,1.07,1.07
164508,国富中证100指数增强分级,2015/4/14,1.075,1.075
164508,国富中证100指数增强分级,2015/4/13,1.071,1.071
164508,国富中证100指数增强分级,2015/4/10,1.054,1.054
164508,国富中证100指数增强分级,2015/4/09,1.037,1.037
164508,国富中证100指数增强分级,2015/4/03,1.01,1.01
164508,国富中证100指数增强分级,2015/4/02,1.002,1.002
164508,国富中证100指数增强分级,2015/3/27,0.999,0.999
164508,国富中证100指数增强分级,2015/3/26,1,1
