date,quote
2001/1/18,8.99
2001/1/19,27.7
2001/2/5,28.4
2001/2/6,26.65
2001/2/7,26
2001/2/8,26.05
2001/2/9,26.1
2001/2/12,26.48
2001/2/13,26.69
2001/2/14,26.26
2001/2/15,26.71
2001/2/16,25.99
2001/2/19,26
2001/2/20,26.39
2001/2/21,26.19
2001/2/22,26.05
2001/2/23,26.5
2001/2/26,27.2
2001/2/27,27.61
2001/2/28,27.98
2001/3/1,28
2001/3/2,28.04
2001/3/5,27.89
2001/3/6,27.5
2001/3/7,28
2001/3/8,28.5
2001/3/9,28.5
2001/3/12,28.3
2001/3/13,29.57
2001/3/14,30
2001/3/15,31
2001/3/16,31.04
2001/3/19,30.95
2001/3/20,30.49
2001/3/21,30.58
2001/3/22,30.95
2001/3/23,30.95
2001/3/26,31.3
2001/3/27,31.8
2001/3/28,32.46
2001/3/29,32.29
2001/3/30,32.54
2001/4/2,33.55
2001/4/3,34.28
2001/4/4,33.45
2001/4/5,33.2
2001/4/6,33.5
2001/4/9,33.21
2001/4/10,33.88
2001/4/11,34.36
2001/4/12,34.28
2001/4/13,34.58
2001/4/16,34.92
2001/4/17,38
2001/4/18,38.4
2001/4/19,39.1
2001/4/20,38.65
2001/4/23,37.51
2001/4/24,39.6
2001/4/25,40.1
2001/4/26,38.8
2001/4/27,39.11
2001/4/30,39.28
2001/5/8,40.58
2001/5/9,40.45
2001/5/10,40.45
2001/5/11,40.05
2001/5/14,39.1
2001/5/15,39.37
2001/5/16,39.6
2001/5/17,40.75
2001/5/18,41.79
2001/5/21,43.98
2001/5/22,42.85
2001/5/23,42.97
2001/5/24,43.1
2001/5/25,42.58
2001/5/28,42.8
2001/5/29,43.1
2001/5/30,43.1
2001/5/31,42.62
2001/6/1,42.35
2001/6/4,42.58
2001/6/5,41.1
2001/6/6,42.09
2001/6/7,42.15
2001/6/8,41.89
2001/6/11,41.89
2001/6/12,41.31
2001/6/13,41
2001/6/14,42.2
2001/6/15,42.19
2001/6/18,42
2001/6/19,41.7
2001/6/20,40.88
2001/6/21,39.95
2001/6/22,39.38
2001/6/25,40
2001/6/26,40.3
2001/6/27,40.1
2001/6/28,39.5
2001/6/29,40.89
2001/7/2,39.9
2001/7/3,39.33
2001/7/4,39.9
2001/7/5,39.36
2001/7/6,38.99
2001/7/9,39.63
2001/7/10,39.58
2001/7/11,39.84
2001/7/12,41.08
2001/7/13,41.19
2001/7/16,42.19
2001/7/17,42.48
2001/7/18,44.2
2001/7/19,43.98
2001/7/20,44.15
2001/7/23,45.95
2001/7/24,46
2001/7/25,45.19
2001/7/26,44.88
2001/7/27,43.8
2001/7/30,39.42
2001/7/31,35.5
2001/8/1,35.99
2001/8/2,37.77
2001/8/3,35.8
2001/8/6,35.9
2001/8/7,34.93
2001/8/8,35.38
2001/8/9,35.4
2001/8/10,35.6
2001/8/13,37.4
2001/8/14,37.51
2001/8/15,37.43
2001/8/16,38
2001/8/17,37.97
2001/8/20,37.8
2001/8/21,37.49
2001/8/22,37.49
2001/8/23,36.63
2001/8/24,36.6
2001/8/27,36.5
2001/8/28,35.5
2001/8/29,35.3
2001/8/30,35.18
2001/8/31,34.45
2001/9/3,34.45
2001/9/4,34.5
2001/9/5,35.45
2001/9/6,35.98
2001/9/7,35.49
2001/9/10,34.26
2001/9/11,34.84
2001/9/12,34.84
2001/9/13,34.4
2001/9/14,34
2001/9/17,33.88
2001/9/18,33.2
2001/9/19,32.9
2001/9/20,32.84
2001/9/21,32.84
2001/9/24,31.7
2001/9/25,32.2
2001/9/26,31.7
2001/9/27,31.5
2001/9/28,31.48
2001/10/8,32
2001/10/9,32.4
2001/10/10,32.88
2001/10/11,31.79
2001/10/12,30.51
2001/10/15,20.95
2001/10/16,20.63
2001/10/17,20.2
2001/10/18,19.99
2001/10/19,18.85
2001/10/22,16.97
2001/10/23,15.27
2001/10/24,16.8
2001/10/25,17.86
2001/10/26,16.07
2001/10/29,15.54
2001/10/30,17.09
2001/10/31,17.55
2001/11/1,17.46
2001/11/2,17.3
2001/11/5,17.1
2001/11/6,16.5
2001/11/7,16.34
2001/11/8,15.76
2001/11/9,15.85
2001/11/12,16.02
2001/11/13,16.22
2001/11/14,16.05
2001/11/15,15.94
2001/11/16,15.75
2001/11/19,16.18
2001/11/20,16.19
2001/11/21,16.97
2001/11/22,17.13
2001/11/23,18.1
2001/11/26,18.02
2001/11/27,17.9
2001/11/28,18
2001/11/29,19.11
2001/11/30,18.87
2001/12/3,19.18
2001/12/4,19.51
2001/12/5,19.38
2001/12/6,18.75
2001/12/7,18.43
2001/12/10,18.49
2001/12/11,18.47
2001/12/12,18.12
2001/12/13,18.2
2001/12/14,17.89
2001/12/17,17.57
2001/12/18,16.94
2001/12/19,17.3
2001/12/20,17.06
2001/12/21,16.31
2001/12/24,16.34
2001/12/25,16.07
2001/12/26,16.14
2001/12/27,16.54
2001/12/28,16.69
2001/12/31,16.81
2002/1/4,16.27
2002/1/7,15.8
2002/1/8,15.69
2002/1/9,15.7
2002/1/10,15.73
2002/1/11,15.69
2002/1/14,15.21
2002/1/15,13.9
2002/1/16,13.65
2002/1/17,14.08
2002/1/18,13.49
2002/1/21,13.03
2002/1/22,12.72
2002/1/23,13.09
2002/1/24,14.23
2002/1/25,14.18
2002/1/28,13.85
2002/1/29,12.47
2002/1/30,12.73
2002/1/31,12.49
2002/2/1,13.74
2002/2/4,15.1
2002/2/5,15.03
2002/2/6,14.94
2002/2/7,14.53
2002/2/8,15
2002/2/25,14.79
2002/2/26,15.63
2002/2/27,15.68
2002/2/28,15.68
2002/3/1,15.3
2002/3/4,14.92
2002/3/5,15.69
2002/3/6,16
2002/3/7,15.72
2002/3/8,16.14
2002/3/11,16.67
2002/3/12,17.06
2002/3/13,16.4
2002/3/14,15.99
2002/3/15,16.39
2002/3/18,15.79
2002/3/19,15.53
2002/3/20,16.19
2002/3/21,16.37
2002/3/22,17.25
2002/3/25,16.99
2002/3/26,17.34
2002/3/27,17.17
2002/3/28,17.08
2002/3/29,16.91
2002/4/1,16.6
2002/4/2,16.4
2002/4/3,15.73
2002/4/4,15.7
2002/4/5,16.44
2002/4/8,16.18
2002/4/9,16.15
2002/4/10,16.48
2002/4/11,16.5
2002/4/12,15.96
2002/4/15,16.13
2002/4/16,15.75
2002/4/17,15.74
2002/4/18,15.78
2002/4/19,15.46
2002/4/22,15.42
2002/4/23,15.19
2002/4/24,15.08
2002/4/25,14.61
2002/4/26,14.89
2002/4/29,15.06
2002/4/30,15.06
2002/5/8,15.2
2002/5/9,14.86
2002/5/10,14.78
2002/5/13,14.62
2002/5/14,14.12
2002/5/15,13.88
2002/5/16,13.58
2002/5/17,13.58
2002/5/20,13.85
2002/5/21,14.07
2002/5/22,14.54
2002/5/23,14.13
2002/5/24,14.08
2002/5/27,13.92
2002/5/28,13.97
2002/5/29,13.92
2002/5/30,13.52
2002/5/31,13.42
2002/6/3,13.17
2002/6/4,12.81
2002/6/5,12.85
2002/6/6,12.57
2002/6/7,13.4
2002/6/10,13.41
2002/6/11,13.18
2002/6/12,13.42
2002/6/13,13.44
2002/6/14,13.24
2002/6/17,13.07
2002/6/18,12.95
2002/6/19,13.77
2002/6/20,13.44
2002/6/21,13.58
2002/6/24,14.08
2002/6/25,15.49
2002/6/26,15.08
2002/6/27,15.31
2002/6/28,15.2
2002/7/1,14.82
2002/7/2,14.79
2002/7/3,15.04
2002/7/4,15
2002/7/5,14.7
2002/7/8,14.57
2002/7/9,14.66
2002/7/10,14.79
2002/7/11,14.61
2002/7/12,14.6
2002/7/15,14.87
2002/7/16,15.08
2002/7/17,14.89
2002/7/18,14.88
2002/7/19,14.69
2002/7/22,14.64
2002/7/23,14.31
2002/7/24,14.1
2002/7/25,14.19
2002/7/26,14.17
2002/7/29,14.18
2002/7/30,14.17
2002/7/31,14.12
2002/8/1,13.97
2002/8/2,13.86
2002/8/5,13.93
2002/8/6,13.73
2002/8/7,13.81
2002/8/8,13.87
2002/8/9,13.77
2002/8/12,13.71
2002/8/13,13.49
2002/8/14,13.58
2002/8/15,13.56
2002/8/16,13.26
2002/8/19,13.37
2002/8/20,13.23
2002/8/21,13.48
2002/8/22,13.7
2002/8/23,14
2002/8/26,13.85
2002/8/27,13.69
2002/8/28,13.9
2002/8/29,13.79
2002/8/30,13.6
2002/9/2,13.56
2002/9/3,13.52
2002/9/4,13.72
2002/9/5,13.7
2002/9/6,13.5
2002/9/9,13.39
2002/9/10,13.48
2002/9/11,13.58
2002/9/12,13.46
2002/9/13,13.49
2002/9/16,13.5
2002/9/17,13.29
2002/9/18,13.23
2002/9/19,13.26
2002/9/20,13.55
2002/9/23,13.33
2002/9/24,13.31
2002/9/25,13.18
2002/9/26,13.14
2002/9/27,12.8
2002/10/8,12.77
2002/10/9,12.64
2002/10/10,12.48
2002/10/11,12.53
2002/10/14,12.54
2002/10/15,12.46
2002/10/16,12.31
2002/10/17,12.52
2002/10/18,12.35
2002/10/21,12.3
2002/10/22,12.49
2002/10/23,12.71
2002/10/24,12.59
2002/10/25,12.39
2002/10/28,12.2
2002/10/29,11.8
2002/10/30,11.69
2002/10/31,11.66
2002/11/1,11.66
2002/11/4,11.57
2002/11/5,11.92
2002/11/6,12.18
2002/11/7,12.07
2002/11/8,11.98
2002/11/11,11.48
2002/11/12,11.18
2002/11/13,10.8
2002/11/14,10.87
2002/11/15,10.66
2002/11/18,10.6
2002/11/19,10.38
2002/11/20,10.86
2002/11/21,10.84
2002/11/22,11.01
2002/11/25,10.93
2002/11/26,10.69
2002/11/27,10.36
2002/11/28,10.73
2002/11/29,11.13
2002/12/2,11.24
2002/12/3,11.04
2002/12/4,11.59
2002/12/5,11.51
2002/12/6,11.54
2002/12/9,11.37
2002/12/10,11.38
2002/12/11,11.28
2002/12/12,11.16
2002/12/13,11.21
2002/12/16,11.26
2002/12/17,11.66
2002/12/18,11.8
2002/12/19,11.79
2002/12/20,11.9
2002/12/23,12.15
2002/12/24,12.07
2002/12/25,12.07
2002/12/26,11.85
2002/12/27,12.09
2002/12/30,12.7
2002/12/31,12.9
2003/1/2,12.96
2003/1/3,11.79
2003/1/6,11.02
2003/1/7,11.24
2003/1/8,11.01
2003/1/9,11.33
2003/1/10,11.66
2003/1/13,11.73
2003/1/14,11.84
2003/1/15,12.54
2003/1/16,12.29
2003/1/17,12.5
2003/1/20,12.37
2003/1/21,12.3
2003/1/22,12.29
2003/1/23,12.31
2003/1/24,12.13
2003/1/27,12.4
2003/1/28,12.45
2003/1/29,12.45
2003/2/10,12.67
2003/2/11,12.34
2003/2/12,12.38
2003/2/13,12.51
2003/2/14,12.44
2003/2/17,12.44
2003/2/18,12.14
2003/2/19,12.23
2003/2/20,12.25
2003/2/21,12.28
2003/2/24,12.07
2003/2/25,12.05
2003/2/26,12.2
2003/2/27,12.3
2003/2/28,12.2
2003/3/3,12.19
2003/3/4,11.91
2003/3/5,11.79
2003/3/6,11.73
2003/3/7,11.6
2003/3/10,11.63
2003/3/11,11.61
2003/3/12,11.89
2003/3/13,11.92
2003/3/14,11.68
2003/3/17,11.8
2003/3/18,11.64
2003/3/19,11.57
2003/3/20,11.5
2003/3/21,11.51
2003/3/24,11.57
2003/3/25,11.52
2003/3/26,11.5
2003/3/27,11.36
2003/3/28,11.6
2003/3/31,11.4
2003/4/1,11.25
2003/4/2,11.28
2003/4/3,11.48
2003/4/4,11.55
2003/4/7,11.42
2003/4/8,11.12
2003/4/9,11.15
2003/4/10,11.6
2003/4/11,12.31
2003/4/14,12.9
2003/4/15,13.49
2003/4/16,13.3
2003/4/17,13.91
2003/4/18,13.89
2003/4/21,14.06
2003/4/22,13.93
2003/4/23,13.81
2003/4/24,13.56
2003/4/25,13.57
2003/4/28,13.61
2003/4/29,13.95
2003/4/30,13.76
2003/5/12,13.84
2003/5/13,13.76
2003/5/14,13.8
2003/5/15,14.39
2003/5/16,15.07
2003/5/19,15.01
2003/5/20,15.17
2003/5/21,14.8
2003/5/22,14.84
2003/5/23,15.08
2003/5/26,15.03
2003/5/27,14.69
2003/5/28,15.07
2003/5/29,14.7
2003/5/30,14.65
2003/6/2,14.49
2003/6/3,14.36
2003/6/4,14.38
2003/6/5,14.43
2003/6/6,14.22
2003/6/9,13.86
2003/6/10,13.99
2003/6/11,13.99
2003/6/12,14.45
2003/6/13,14.28
2003/6/16,14.25
2003/6/17,14.14
2003/6/18,14.08
2003/6/19,14.1
2003/6/20,14.1
2003/6/23,14.02
2003/6/24,14.09
2003/6/25,14.22
2003/6/26,14.68
2003/6/27,14.7
2003/6/30,14.7
2003/7/1,14.65
2003/7/2,14.03
2003/7/3,14.05
2003/7/4,13.96
2003/7/7,13.96
2003/7/8,13.94
2003/7/9,14.06
2003/7/10,13.94
2003/7/11,14.52
2003/7/14,14.37
2003/7/15,14.15
2003/7/16,14.27
2003/7/17,14.25
2003/7/18,14.43
2003/7/21,14.19
2003/7/22,14.1
2003/7/23,14.2
2003/7/24,14.17
2003/7/25,14.13
2003/7/28,14.14
2003/7/29,14.11
2003/7/30,14.11
2003/7/31,14.02
2003/8/1,14
2003/8/4,14
2003/8/5,14.18
2003/8/6,14.28
2003/8/7,14.26
2003/8/8,14.24
2003/8/11,14.14
2003/8/12,14.12
2003/8/13,14.16
2003/8/14,14.1
2003/8/15,14.09
2003/8/18,14.01
2003/8/19,13.99
2003/8/20,14.01
2003/8/21,13.97
2003/8/22,13.98
2003/8/25,13.99
2003/8/26,13.93
2003/8/27,13.92
2003/8/28,13.9
2003/8/29,13.9
2003/9/1,13.91
2003/9/2,14.3
2003/9/3,14.15
2003/9/4,14.02
2003/9/5,14.08
2003/9/8,14.06
2003/9/9,14
2003/9/10,14.02
2003/9/11,13.88
2003/9/12,13.5
2003/9/15,13.14
2003/9/16,12.37
2003/9/17,11.83
2003/9/18,11.2
2003/9/19,11.19
2003/9/22,11.3
2003/9/23,11.29
2003/9/24,11.25
2003/9/25,11.14
2003/9/26,11.14
2003/9/29,11.1
2003/9/30,11.08
2003/10/8,11.08
2003/10/9,11.2
2003/10/10,11.08
2003/10/13,11.08
2003/10/14,11.15
2003/10/15,11.08
2003/10/16,11.1
2003/10/17,10.9
2003/10/20,10.92
2003/10/21,10.8
2003/10/22,10.78
2003/10/23,10.83
2003/10/24,10.88
2003/10/27,10.88
2003/10/28,10.81
2003/10/29,10.79
2003/10/30,10.96
2003/10/31,10.99
2003/11/3,10.93
2003/11/4,10.98
2003/11/5,11.04
2003/11/6,10.92
2003/11/7,10.71
2003/11/10,10.58
2003/11/11,10.64
2003/11/12,10.6
2003/11/13,10.74
2003/11/14,10.88
2003/11/17,10.98
2003/11/18,11
2003/11/19,11
2003/11/20,11.05
2003/11/21,11.18
2003/11/24,10.97
2003/11/25,11.13
2003/11/26,11.07
2003/11/27,10.97
2003/11/28,10.93
2003/12/1,10.98
2003/12/2,11.07
2003/12/3,10.98
2003/12/4,12
2003/12/5,11.74
2003/12/8,11.56
2003/12/9,11.57
2003/12/10,11.79
2003/12/11,11.84
2003/12/12,11.75
2003/12/15,11.66
2003/12/16,11.66
2003/12/17,11.54
2003/12/18,11.66
2003/12/19,11.73
2003/12/22,11.64
2003/12/23,11.84
2003/12/24,11.86
2003/12/25,11.77
2003/12/26,11.76
2003/12/29,11.78
2003/12/30,11.81
2003/12/31,12.23
2004/1/2,12.39
2004/1/5,12.29
2004/1/6,12.05
2004/1/7,11.72
2004/1/8,11.36
2004/1/9,11.68
2004/1/12,11.51
2004/1/13,11.59
2004/1/14,11.44
2004/1/15,11.62
2004/1/16,11.57
2004/1/29,11.45
2004/1/30,12.6
2004/2/2,12.83
2004/2/3,13.03
2004/2/4,12.9
2004/2/5,13.16
2004/2/6,12.99
2004/2/9,12.89
2004/2/10,13.07
2004/2/11,13.38
2004/2/12,13.29
2004/2/13,13.1
2004/2/16,13.02
2004/2/17,13.29
2004/2/18,13.42
2004/2/19,13.56
2004/2/20,13.47
2004/2/23,13.58
2004/2/24,13.62
2004/2/25,13.96
2004/2/26,13.97
2004/2/27,14.01
2004/3/1,14.17
2004/3/2,13.95
2004/3/3,13.32
2004/3/4,13.34
2004/3/5,13.05
2004/3/8,13.08
2004/3/9,13.07
2004/3/10,13.4
2004/3/11,13.44
2004/3/12,13.35
2004/3/15,13.08
2004/3/16,13.14
2004/3/17,13.18
2004/3/18,13.17
2004/3/19,13.12
2004/3/22,13.03
2004/3/23,12.89
2004/3/24,13
2004/3/25,13.18
2004/3/26,13.19
2004/3/29,13.23
2004/3/30,13.23
2004/3/31,13.46
2004/4/1,13.43
2004/4/2,13.45
2004/4/5,13.31
2004/4/6,13.1
2004/4/7,13.2
2004/4/8,13.01
2004/4/9,13.51
2004/4/12,13.6
2004/4/13,13.92
2004/4/14,13.62
2004/4/15,13.38
2004/4/16,12.89
2004/4/19,13.04
2004/4/20,12.95
2004/4/21,12.8
2004/4/22,12.5
2004/4/23,12.47
2004/4/26,12.31
2004/4/27,12.35
2004/4/28,12.37
2004/4/29,12.41
2004/4/30,12.18
2004/5/10,12.05
2004/5/11,12
2004/5/12,12.08
2004/5/13,12.39
2004/5/14,12.12
2004/5/17,11.97
2004/5/18,11.69
2004/5/19,11.8
2004/5/20,11.7
2004/5/21,11.67
2004/5/24,11.77
2004/5/25,11.41
2004/5/26,11.43
2004/5/27,11.48
2004/5/28,11.84
2004/5/31,11.67
2004/6/1,11.7
2004/6/2,11.84
2004/6/3,11.97
2004/6/4,11.92
2004/6/7,12
2004/6/8,11.91
2004/6/9,11.58
2004/6/10,11.49
2004/6/11,11.51
2004/6/14,11.6
2004/6/15,11.55
2004/6/16,11.66
2004/6/17,11.68
2004/6/18,11.54
2004/6/21,11.51
2004/6/22,11.5
2004/6/23,11.71
2004/6/24,11.66
2004/6/25,11.49
2004/6/28,11.49
2004/6/29,11.29
2004/6/30,11.48
2004/7/1,11.39
2004/7/2,11.44
2004/7/5,11.17
2004/7/6,11.32
2004/7/7,11.38
2004/7/8,11.25
2004/7/9,11.25
2004/7/12,11.32
2004/7/13,10.94
2004/7/14,10.8
2004/7/15,10.74
2004/7/16,10.45
2004/7/19,10.49
2004/7/20,10.42
2004/7/21,10.48
2004/7/22,10.45
2004/7/23,10.39
2004/7/26,10.42
2004/7/27,9.63
2004/7/28,9.47
2004/7/29,9.41
2004/7/30,9.42
2004/8/2,9.95
2004/8/3,10.18
2004/8/4,10.16
2004/8/5,10.34
2004/8/6,10.16
2004/8/9,10.26
2004/8/10,10.26
2004/8/11,10.16
2004/8/12,10.13
2004/8/13,9.98
2004/8/16,10.22
2004/8/17,10.23
2004/8/18,10.31
2004/8/19,10.31
2004/8/20,10.08
2004/8/23,10.22
2004/8/24,10.14
2004/8/25,10.13
2004/8/26,10.09
2004/8/27,10.14
2004/8/30,10.13
2004/8/31,9.99
2004/9/1,10.13
2004/9/2,10.01
2004/9/3,10
2004/9/6,10.09
2004/9/7,10.09
2004/9/8,10.09
2004/9/9,10.03
2004/9/10,9.98
2004/9/13,9.99
2004/9/14,9.78
2004/9/15,9.81
2004/9/16,10.14
2004/9/17,9.86
2004/9/20,10.23
2004/9/21,11.02
2004/9/22,10.68
2004/9/23,10.48
2004/9/24,10.65
2004/9/27,10.33
2004/9/28,9.7
2004/9/29,9.73
2004/9/30,9.74
2004/10/8,9.71
2004/10/11,9.68
2004/10/12,9.61
2004/10/13,9.59
2004/10/14,9.48
2004/10/15,8.98
2004/10/18,8.77
2004/10/19,8.86
2004/10/20,8.84
2004/10/21,8.76
2004/10/22,8.66
2004/10/25,8.72
2004/10/26,8.55
2004/10/27,8.59
2004/10/28,8.68
2004/10/29,8.81
2004/11/1,8.77
2004/11/2,8.58
2004/11/3,8.73
2004/11/4,8.86
2004/11/5,8.87
2004/11/8,8.76
2004/11/9,8.59
2004/11/10,8.6
2004/11/11,8.8
2004/11/12,8.8
2004/11/15,8.9
2004/11/16,8.93
2004/11/17,8.93
2004/11/18,8.78
2004/11/19,8.86
2004/11/22,8.67
2004/11/23,8.9
2004/11/24,9
2004/11/25,8.94
2004/11/26,8.5
2004/11/29,8.67
2004/11/30,8.72
2004/12/1,8.66
2004/12/2,8.5
2004/12/3,8.28
2004/12/6,7.8
2004/12/7,7.75
2004/12/8,7.5
2004/12/9,7.49
2004/12/10,7.57
2004/12/13,7.46
2004/12/14,7.18
2004/12/15,7.19
2004/12/16,7.35
2004/12/17,6.76
2004/12/20,6.63
2004/12/21,6.69
2004/12/22,6.78
2004/12/23,6.94
2004/12/24,6.69
2004/12/27,6.72
2004/12/28,6.67
2004/12/29,6.45
2004/12/30,6.22
2004/12/31,6.28
2005/1/4,6.21
2005/1/5,6.47
2005/1/6,6.62
2005/1/7,6.47
2005/1/10,6.39
2005/1/11,6.75
2005/1/12,6.62
2005/1/13,6.62
2005/1/14,6.62
2005/1/17,6.62
2005/1/18,6.62
2005/1/19,6.66
2005/1/20,6.5
2005/1/21,6.52
2005/1/24,6.57
2005/1/25,7.01
2005/1/26,7.08
2005/1/27,7.01
2005/1/28,7.04
2005/1/31,6.41
2005/2/1,6.15
2005/2/2,6.25
2005/2/3,6.88
2005/2/4,6.76
2005/2/16,6.97
2005/2/17,7
2005/2/18,7.09
2005/2/21,6.96
2005/2/22,7.03
2005/2/23,7.57
2005/2/24,7.7
2005/2/25,7.69
2005/2/28,7.71
2005/3/1,7.66
2005/3/2,7.67
2005/3/3,7.47
2005/3/4,7.39
2005/3/7,7.27
2005/3/8,7.43
2005/3/9,7.75
2005/3/10,7.76
2005/3/11,7.38
2005/3/14,7.33
2005/3/15,7.87
2005/3/16,8.12
2005/3/17,8.09
2005/3/18,7.98
2005/3/21,7.81
2005/3/22,7.48
2005/3/23,7.55
2005/3/24,7.84
2005/3/25,7.68
2005/3/28,7.97
2005/3/29,7.89
2005/3/30,7.3
2005/3/31,7.01
2005/4/1,6.98
2005/4/4,7.33
2005/4/5,6.85
2005/4/6,6.75
2005/4/7,6.88
2005/4/8,6.99
2005/4/11,7.14
2005/4/12,7.2
2005/4/13,6.97
2005/4/14,7.09
2005/4/15,7.17
2005/4/18,7.07
2005/4/19,6.75
2005/4/20,6.73
2005/4/21,6.89
2005/4/22,6.67
2005/4/25,6.45
2005/4/26,6.49
2005/4/27,6.49
2005/4/28,6.6
2005/4/29,6.74
2005/5/9,6.86
2005/5/10,6.84
2005/5/11,6.87
2005/5/12,6.75
2005/5/13,6.74
2005/5/16,6.5
2005/5/17,6.37
2005/5/18,6.39
2005/5/19,6.3
2005/5/20,6.3
2005/5/23,6.39
2005/5/24,6.32
2005/5/25,6.41
2005/5/26,6.41
2005/5/27,6.3
2005/5/30,6.35
2005/5/31,6.37
2005/6/1,6.3
2005/6/2,6.23
2005/6/3,5.61
2005/6/6,5.35
2005/6/7,5.5
2005/6/8,5.47
2005/6/9,5.98
2005/6/10,6.33
2005/6/13,6.13
2005/6/14,6.19
2005/6/15,6.1
2005/6/16,5.99
2005/6/17,3.56
2005/6/20,3.41
2005/6/21,3.5
2005/6/22,3.49
2005/6/23,3.39
2005/6/24,3.5
2005/6/27,3.5
2005/6/28,3.65
2005/6/29,3.65
2005/6/30,3.61
2005/7/1,3.48
2005/7/4,3.34
2005/7/5,3.27
2005/7/6,3.18
2005/7/7,3.19
2005/7/8,3.2
2005/7/11,2.91
2005/7/12,2.84
2005/7/13,2.98
2005/7/14,3.01
2005/7/15,2.98
2005/7/18,2.82
2005/7/19,2.56
2005/7/20,2.67
2005/7/21,2.66
2005/7/22,2.68
2005/7/25,2.8
2005/7/26,2.89
2005/7/27,3.02
2005/7/28,3.06
2005/7/29,3
2005/8/1,3.03
2005/8/2,3.04
2005/8/3,3.31
2005/8/4,3.35
2005/8/5,3.32
2005/8/8,3.4
2005/8/9,3.49
2005/8/10,3.49
2005/8/11,3.47
2005/8/12,3.48
2005/8/15,3.3
2005/8/16,3.42
2005/8/17,3.63
2005/8/18,3.69
2005/8/19,3.42
2005/8/22,3.44
2005/8/23,3.48
2005/8/24,3.58
2005/8/25,3.6
2005/8/26,3.58
2005/8/29,3.66
2005/8/30,3.56
2005/8/31,3.44
2005/9/1,3.5
2005/9/2,3.65
2005/9/5,3.7
2005/9/6,3.83
2005/9/7,3.67
2005/9/8,3.95
2005/9/9,3.93
2005/9/12,3.83
2005/9/13,3.92
2005/9/14,3.98
2005/9/15,3.98
2005/9/16,4.1
2005/9/19,4.1
2005/9/20,4.17
2005/9/21,4.15
2005/9/22,4.02
2005/9/23,3.77
2005/9/26,3.77
2005/9/27,3.74
2005/9/28,3.51
2005/9/29,3.5
2005/9/30,3.6
2005/10/10,3.6
2005/10/11,3.43
2005/10/12,3.57
2005/10/13,3.65
2005/10/14,3.54
2005/10/17,3.54
2005/10/18,3.39
2005/10/19,3.48
2005/10/20,3.52
2005/10/21,3.7
2005/10/24,3.69
2005/10/25,3.62
2005/10/26,3.42
2005/10/27,3.25
2005/10/28,3.24
2005/10/31,3.02
2005/11/1,3
2005/11/2,3.13
2005/11/3,3.22
2005/11/4,3.09
2005/11/7,3.12
2005/11/8,3.19
2005/11/9,3.21
2005/11/10,3.19
2005/11/11,3.26
2005/11/14,3.29
2005/11/15,3.29
2005/11/16,3.29
2005/11/17,3.24
2005/11/18,3.22
2005/11/21,3.31
2005/11/22,3.38
2005/11/23,3.29
2005/11/24,3.33
2005/11/25,3.34
2005/11/28,3.32
2005/11/29,3.26
2005/11/30,3.2
2005/12/1,3.25
2005/12/2,3.2
2005/12/5,3.1
2005/12/6,2.91
2005/12/7,2.96
2005/12/8,3.02
2005/12/9,2.97
2005/12/12,3.06
2005/12/13,3.09
2005/12/14,3.09
2005/12/15,3.12
2005/12/16,3.16
2005/12/19,3.16
2005/12/20,3.15
2005/12/21,3.15
2005/12/22,3.08
2005/12/23,3.09
2005/12/26,3.14
2005/12/27,3.14
2005/12/28,3.19
2005/12/29,3.17
2005/12/30,3.22
2006/1/4,3.2
2006/1/5,3.3
2006/1/6,3.45
2006/1/9,3.45
2006/1/10,3.67
2006/1/11,3.68
2006/1/12,3.77
2006/1/13,4.15
2006/1/16,4.57
2006/1/17,4.55
2006/1/18,4.43
2006/1/19,4.52
2006/1/20,4.75
2006/1/23,4.62
2006/1/24,5.08
2006/1/25,5.26
2006/2/6,5.21
2006/2/7,5.3
2006/2/8,5.59
2006/2/9,5.25
2006/2/10,5.08
2006/2/13,5.19
2006/2/14,4.91
2006/2/15,5.04
2006/2/16,4.98
2006/2/17,4.8
2006/2/20,4.78
2006/2/21,4.55
2006/2/22,4.88
2006/2/23,4.84
2006/2/24,4.75
2006/2/27,4.94
2006/2/28,4.89
2006/3/1,4.82
2006/3/2,4.93
2006/3/3,4.71
2006/3/6,4.59
2006/3/7,4.52
2006/3/8,4.29
2006/3/9,4.37
2006/3/10,4.26
2006/3/13,4.42
2006/3/14,4.42
2006/3/15,4.36
2006/3/16,4.52
2006/3/17,4.54
2006/3/20,4.58
2006/3/21,4.64
2006/3/22,4.71
2006/3/23,4.8
2006/3/24,4.92
2006/3/27,4.78
2006/3/28,4.89
2006/3/29,4.8
2006/3/30,4.61
2006/3/31,4.42
2006/4/3,4.68
2006/4/4,4.69
2006/4/5,4.7
2006/4/6,5.17
2006/4/7,5.56
2006/4/10,5.58
2006/4/11,5.58
2006/4/12,5.58
2006/4/13,5.58
2006/4/14,5.58
2006/4/17,5.58
2006/4/18,5.58
2006/4/19,5.58
2006/4/20,5.58
2006/4/21,5.58
2006/4/24,5.73
2006/4/25,6.3
2006/4/26,6.49
2006/4/27,6.2
2006/4/28,6.29
2006/5/8,6.29
2006/5/9,6.29
2006/5/10,6.29
2006/5/11,6.29
2006/5/12,6.29
2006/5/15,6.29
2006/5/16,6.29
2006/5/17,6.29
2006/5/18,6.29
2006/5/19,6.29
2006/5/22,6.29
2006/5/23,5.89
2006/5/24,5.3
2006/5/25,5.16
2006/5/26,5.35
2006/5/29,5.41
2006/5/30,5.64
2006/5/31,5.5
2006/6/1,5.26
2006/6/2,5.79
2006/6/5,5.88
2006/6/6,5.9
2006/6/7,5.67
2006/6/8,5.1
2006/6/9,4.83
2006/6/12,4.5
2006/6/13,4.72
2006/6/14,5.08
2006/6/15,4.93
2006/6/16,5.05
2006/6/19,5.21
2006/6/20,5.3
2006/6/21,5.17
2006/6/22,5.01
2006/6/23,4.96
2006/6/26,5.2
2006/6/27,5.48
2006/6/28,5.55
2006/6/29,5.42
2006/6/30,5.58
2006/7/3,5.75
2006/7/4,6.33
2006/7/5,6.42
2006/7/6,6.5
2006/7/7,7.05
2006/7/10,7
2006/7/11,6.8
2006/7/12,6.74
2006/7/13,7.13
2006/7/14,6.42
2006/7/17,6.41
2006/7/18,6.57
2006/7/19,6.6
2006/7/20,6.23
2006/7/21,6.26
2006/7/24,6.29
2006/7/25,6.69
2006/7/26,6.73
2006/7/27,6.75
2006/7/28,6.44
2006/7/31,6.32
2006/8/1,5.82
2006/8/2,5.89
2006/8/3,5.99
2006/8/4,6.11
2006/8/7,5.75
2006/8/8,5.58
2006/8/9,5.83
2006/8/10,5.89
2006/8/11,6.06
2006/8/14,6
2006/8/15,5.69
2006/8/16,5.9
2006/8/17,6.1
2006/8/18,5.95
2006/8/21,5.92
2006/8/22,5.98
2006/8/23,6.23
2006/8/24,6.15
2006/8/25,6.21
2006/8/28,6.34
2006/8/29,6.58
2006/8/30,6.44
2006/8/31,6.48
2006/9/1,6.39
2006/9/4,6.08
2006/9/5,6.15
2006/9/6,6.07
2006/9/7,6.21
2006/9/8,6.08
2006/9/11,6.08
2006/9/12,5.89
2006/9/13,5.93
2006/9/14,5.85
2006/9/15,5.77
2006/9/18,5.79
2006/9/19,6.04
2006/9/20,5.95
2006/9/21,5.97
2006/9/22,5.92
2006/9/25,5.75
2006/9/26,5.83
2006/9/27,5.65
2006/9/28,5.63
2006/9/29,5.79
2006/10/9,5.9
2006/10/10,5.99
2006/10/11,5.93
2006/10/12,6
2006/10/13,6.11
2006/10/16,5.99
2006/10/17,5.86
2006/10/18,5.85
2006/10/19,5.96
2006/10/20,6.07
2006/10/23,6.13
2006/10/24,6.25
2006/10/25,6.59
2006/10/26,6.31
2006/10/27,6.08
2006/10/30,6.02
2006/10/31,5.88
2006/11/1,6.1
2006/11/2,5.89
2006/11/3,5.87
2006/11/6,5.9
2006/11/7,6.02
2006/11/8,5.97
2006/11/9,6.09
2006/11/10,6.12
2006/11/13,5.83
2006/11/14,5.47
2006/11/15,5.61
2006/11/16,5.61
2006/11/17,5.41
2006/11/20,5.43
2006/11/21,5.21
2006/11/22,5.32
2006/11/23,5.42
2006/11/24,5.39
2006/11/27,5.45
2006/11/28,5.61
2006/11/29,5.59
2006/11/30,5.55
2006/12/1,5.62
2006/12/4,5.67
2006/12/5,5.93
2006/12/6,6.12
2006/12/7,5.96
2006/12/8,5.91
2006/12/11,5.61
2006/12/12,5.86
2006/12/13,5.86
2006/12/14,5.85
2006/12/15,5.85
2006/12/18,5.92
2006/12/19,6
2006/12/20,5.9
2006/12/21,6.12
2006/12/22,6.14
2006/12/25,6.32
2006/12/26,6.24
2006/12/27,5.97
2006/12/28,5.91
2006/12/29,5.68
2007/1/4,5.77
2007/1/5,5.71
2007/1/8,6.01
2007/1/9,6.39
2007/1/10,6.37
2007/1/11,6.7
2007/1/12,6.61
2007/1/15,6.67
2007/1/16,7.01
2007/1/17,7.04
2007/1/18,6.75
2007/1/19,7.31
2007/1/22,7.89
2007/1/23,8.29
2007/1/24,8.46
2007/1/25,8.23
2007/1/26,7.61
2007/1/29,7.62
2007/1/30,7.82
2007/1/31,7.61
2007/2/1,7.02
2007/2/2,7.29
2007/2/5,7.1
2007/2/6,7.3
2007/2/7,7.51
2007/2/8,7.6
2007/2/9,7.72
2007/2/12,7.47
2007/2/13,7.65
2007/2/14,8.16
2007/2/15,8.19
2007/2/16,8.31
2007/2/26,8.39
2007/2/27,8.7
2007/2/28,7.83
2007/3/1,8.06
2007/3/2,7.59
2007/3/5,7.76
2007/3/6,7.89
2007/3/7,7.86
2007/3/8,8.28
2007/3/9,8.47
2007/3/12,8.27
2007/3/13,8.56
2007/3/14,8.5
2007/3/15,8.22
2007/3/16,8.55
2007/3/19,8.72
2007/3/20,9.03
2007/3/21,9.09
2007/3/22,9.01
2007/3/23,9.08
2007/3/26,9.59
2007/3/27,9.84
2007/3/28,9.9
2007/3/29,9.57
2007/3/30,9.1
2007/4/2,9.23
2007/4/3,9.4
2007/4/4,9.61
2007/4/5,9.91
2007/4/6,9.97
2007/4/9,9.98
2007/4/10,10
2007/4/11,9.84
2007/4/12,9.95
2007/4/13,10.35
2007/4/16,9.97
2007/4/17,10.18
2007/4/18,10.62
2007/4/19,10.65
2007/4/20,9.92
2007/4/23,10.91
2007/4/24,11.38
2007/4/25,11.29
2007/4/26,11.8
2007/4/27,11.7
2007/4/30,11.4
2007/5/8,11.42
2007/5/9,11.85
2007/5/10,11.45
2007/5/11,11.78
2007/5/14,11.78
2007/5/15,12.08
2007/5/16,11.25
2007/5/17,11.39
2007/5/18,11.72
2007/5/21,11.48
2007/5/22,11.69
2007/5/23,12.15
2007/5/24,12.37
2007/5/25,12.14
2007/5/28,12.4
2007/5/29,12.98
2007/5/30,12.98
2007/5/31,11.68
2007/6/1,10.74
2007/6/4,9.67
2007/6/5,8.7
2007/6/6,9.08
2007/6/7,9.07
2007/6/8,9.5
2007/6/11,9.51
2007/6/12,9.53
2007/6/13,9.7
2007/6/14,10.3
2007/6/15,9.86
2007/6/18,10.02
2007/6/19,10.29
2007/6/20,10.68
2007/6/21,10.23
2007/6/22,10.34
2007/6/25,9.35
2007/6/26,8.42
2007/6/27,8.82
2007/6/28,8.9
2007/6/29,8.03
2007/7/2,7.72
2007/7/3,8.19
2007/7/4,8.35
2007/7/5,8.01
2007/7/6,7.98
2007/7/9,8.52
2007/7/10,8.68
2007/7/11,8.37
2007/7/12,8.63
2007/7/13,8.8
2007/7/16,8.73
2007/7/17,8.71
2007/7/18,8.87
2007/7/19,8.71
2007/7/20,8.9
2007/7/23,9.36
2007/7/24,9.63
2007/7/25,9.44
2007/7/26,9.67
2007/7/27,9.85
2007/7/30,10.16
2007/7/31,10.15
2007/8/1,10.28
2007/8/2,9.52
2007/8/3,9.77
2007/8/6,10.04
2007/8/7,10.21
2007/8/8,9.96
2007/8/9,9.59
2007/8/10,9.6
2007/8/13,9.35
2007/8/14,9.46
2007/8/15,9.72
2007/8/16,9.53
2007/8/17,9.88
2007/8/20,10.05
2007/8/21,10.27
2007/8/22,10.11
2007/8/23,10.14
2007/8/24,10.21
2007/8/27,10.61
2007/8/28,10.22
2007/8/29,9.99
2007/8/30,10.15
2007/8/31,10.61
2007/9/3,10.75
2007/9/4,10.88
2007/9/5,10.95
2007/9/6,10.86
2007/9/7,10.94
2007/9/10,10.43
2007/9/11,10.54
2007/9/12,9.69
2007/9/13,9.69
2007/9/14,9.93
2007/9/17,9.94
2007/9/18,10.44
2007/9/19,10.51
2007/9/20,10.33
2007/9/21,10.82
2007/9/24,10.76
2007/9/25,10.93
2007/9/26,10.7
2007/9/27,10.41
2007/9/28,10.49
2007/10/8,10.61
2007/10/9,10.59
2007/10/10,10.69
2007/10/11,10.97
2007/10/12,11.27
2007/10/15,10.67
2007/10/16,10.5
2007/10/17,11.36
2007/10/18,11.56
2007/10/19,11.63
2007/10/22,11.39
2007/10/23,11.61
2007/10/24,11.49
2007/10/25,11.16
2007/10/26,10.04
2007/10/29,9.43
2007/10/30,9.63
2007/10/31,9.83
2007/11/1,10.11
2007/11/2,9.5
2007/11/5,9.14
2007/11/6,9.43
2007/11/7,9.47
2007/11/8,9.63
2007/11/9,9.23
2007/11/12,9.28
2007/11/13,9.01
2007/11/14,8.93
2007/11/15,9.3
2007/11/16,9.07
2007/11/19,9.49
2007/11/20,9.85
2007/11/21,9.76
2007/11/22,9.58
2007/11/23,9.01
2007/11/26,9.28
2007/11/27,9.08
2007/11/28,9.03
2007/11/29,9.16
2007/11/30,9.33
2007/12/3,9.07
2007/12/4,9.22
2007/12/5,9.22
2007/12/6,9.31
2007/12/7,9.35
2007/12/10,9.66
2007/12/11,9.8
2007/12/12,10.09
2007/12/13,10.05
2007/12/14,9.9
2007/12/17,10.09
2007/12/18,10.2
2007/12/19,9.88
2007/12/20,9.92
2007/12/21,9.92
2007/12/24,9.92
2007/12/25,9.92
2007/12/26,9.92
2007/12/27,10.91
2007/12/28,11.17
2008/1/2,11.17
2008/1/3,11.51
2008/1/4,11.39
2008/1/7,11.2
2008/1/8,11.57
2008/1/9,11.1
2008/1/10,11.43
2008/1/11,11.96
2008/1/14,11.99
2008/1/15,12.09
2008/1/16,12.32
2008/1/17,12.35
2008/1/18,11.81
2008/1/21,12.53
2008/1/22,12.18
2008/1/23,10.96
2008/1/24,11.69
2008/1/25,12.35
2008/1/28,12.14
2008/1/29,11.03
2008/1/30,11.44
2008/1/31,11.04
2008/2/1,10.7
2008/2/4,10.1
2008/2/5,11.11
2008/2/13,11.24
2008/2/14,11.19
2008/2/15,11.31
2008/2/18,11.06
2008/2/19,11.48
2008/2/20,11.65
2008/2/21,11.3
2008/2/22,11.37
2008/2/25,11.02
2008/2/26,10.39
2008/2/27,10.6
2008/2/28,10.78
2008/2/29,10.92
2008/3/3,11.03
2008/3/4,11.03
2008/3/5,11.36
2008/3/6,12.12
2008/3/7,11.9
2008/3/10,11.66
2008/3/11,11.22
2008/3/12,11.49
2008/3/13,10.98
2008/3/14,10.44
2008/3/17,10.56
2008/3/18,9.51
2008/3/19,8.68
2008/3/20,9.12
2008/3/21,9.41
2008/3/24,9.42
2008/3/25,9.42
2008/3/26,9.44
2008/3/27,9.3
2008/3/28,8.47
2008/3/31,8.71
2008/4/1,8.08
2008/4/2,7.3
2008/4/3,6.88
2008/4/7,7.27
2008/4/8,7.72
2008/4/9,7.98
2008/4/10,7.46
2008/4/11,7.67
2008/4/14,7.79
2008/4/15,7.04
2008/4/16,7.37
2008/4/17,7.12
2008/4/18,6.7
2008/4/21,6.36
2008/4/22,6.45
2008/4/23,6.37
2008/4/24,6.66
2008/4/25,7.33
2008/4/28,7.4
2008/4/29,7.4
2008/4/30,7.43
2008/5/5,7.65
2008/5/6,7.91
2008/5/7,7.88
2008/5/8,7.36
2008/5/9,7.74
2008/5/12,7.9
2008/5/13,8.16
2008/5/14,7.95
2008/5/15,8.31
2008/5/16,8.21
2008/5/19,8.11
2008/5/20,8.02
2008/5/21,7.56
2008/5/22,7.79
2008/5/23,7.74
2008/5/26,7.98
2008/5/27,7.67
2008/5/28,7.44
2008/5/29,7.61
2008/5/30,7.36
2008/6/2,7.4
2008/6/3,7.41
2008/6/4,7.56
2008/6/5,7.21
2008/6/6,7.33
2008/6/10,7.53
2008/6/11,6.78
2008/6/12,6.59
2008/6/13,5.25
2008/6/16,4.98
2008/6/17,4.84
2008/6/18,4.48
2008/6/19,4.72
2008/6/20,4.25
2008/6/23,4.32
2008/6/24,4.25
2008/6/25,4.38
2008/6/26,4.62
2008/6/27,4.67
2008/6/30,4.21
2008/7/1,4.22
2008/7/2,4.11
2008/7/3,4.18
2008/7/4,4.4
2008/7/7,4.39
2008/7/8,4.62
2008/7/9,4.7
2008/7/10,4.9
2008/7/11,4.74
2008/7/14,4.73
2008/7/15,4.87
2008/7/16,4.74
2008/7/17,4.44
2008/7/18,4.44
2008/7/21,4.61
2008/7/22,4.82
2008/7/23,4.92
2008/7/24,4.83
2008/7/25,5
2008/7/28,4.91
2008/7/29,4.96
2008/7/30,4.84
2008/7/31,4.91
2008/8/1,4.67
2008/8/4,4.75
2008/8/5,4.6
2008/8/6,4.45
2008/8/7,4.45
2008/8/8,4.52
2008/8/11,4.14
2008/8/12,3.74
2008/8/13,3.77
2008/8/14,3.78
2008/8/15,3.83
2008/8/18,3.88
2008/8/19,3.52
2008/8/20,3.62
2008/8/21,3.95
2008/8/22,3.85
2008/8/25,3.77
2008/8/26,3.77
2008/8/27,3.57
2008/8/28,3.58
2008/8/29,3.52
2008/9/1,3.62
2008/9/2,3.7
2008/9/3,4.07
2008/9/4,3.92
2008/9/5,3.92
2008/9/8,3.65
2008/9/9,3.44
2008/9/10,3.41
2008/9/11,3.43
2008/9/12,3.35
2008/9/16,3.36
2008/9/17,3.25
2008/9/18,3.13
2008/9/19,3.05
2008/9/22,3.36
2008/9/23,3.53
2008/9/24,3.42
2008/9/25,3.6
2008/9/26,3.73
2008/10/6,3.75
2008/10/7,3.67
2008/10/8,3.59
2008/10/9,3.27
2008/10/10,3.22
2008/10/13,3.01
2008/10/14,3.14
2008/10/15,2.91
2008/10/16,2.85
2008/10/17,2.7
2008/10/20,2.77
2008/10/21,2.84
2008/10/22,2.85
2008/10/23,2.79
2008/10/24,2.82
2008/10/27,2.8
2008/10/28,2.52
2008/10/29,2.58
2008/10/30,2.46
2008/10/31,2.47
2008/11/3,2.41
2008/11/4,2.32
2008/11/5,2.3
2008/11/6,2.39
2008/11/7,2.35
2008/11/10,2.41
2008/11/11,2.58
2008/11/12,2.7
2008/11/13,2.7
2008/11/14,2.78
2008/11/17,2.92
2008/11/18,2.92
2008/11/19,2.69
2008/11/20,2.96
2008/11/21,3.15
2008/11/24,2.98
2008/11/25,2.75
2008/11/26,2.74
2008/11/27,2.77
2008/11/28,2.78
2008/12/1,2.75
2008/12/2,2.89
2008/12/3,2.99
2008/12/4,3.11
2008/12/5,3.05
2008/12/8,3.12
2008/12/9,3.35
2008/12/10,3.15
2008/12/11,3.26
2008/12/12,3.21
2008/12/15,3.09
2008/12/16,3.15
2008/12/17,3.15
2008/12/18,3.28
2008/12/19,3.28
2008/12/22,3.27
2008/12/23,3.21
2008/12/24,2.96
2008/12/25,2.87
2008/12/26,2.85
2008/12/29,2.83
2008/12/30,2.91
2008/12/31,2.89
2009/1/5,2.82
2009/1/6,2.92
2009/1/7,3.04
2009/1/8,3.02
2009/1/9,2.89
2009/1/12,2.95
2009/1/13,3.07
2009/1/14,3
2009/1/15,3.18
2009/1/16,3.27
2009/1/19,3.21
2009/1/20,3.16
2009/1/21,3.21
2009/1/22,3.18
2009/1/23,3.27
2009/2/2,3.15
2009/2/3,3.22
2009/2/4,3.4
2009/2/5,3.54
2009/2/6,3.41
2009/2/9,3.64
2009/2/10,3.69
2009/2/11,3.86
2009/2/12,3.81
2009/2/13,4.1
2009/2/16,4.23
2009/2/17,4.52
2009/2/18,4.68
2009/2/19,4.71
2009/2/20,4.4
2009/2/23,4.44
2009/2/24,4.88
2009/2/25,4.8
2009/2/26,4.74
2009/2/27,4.28
2009/3/2,3.86
2009/3/3,3.97
2009/3/4,3.8
2009/3/5,4.1
2009/3/6,4.1
2009/3/9,4.02
2009/3/10,3.77
2009/3/11,3.91
2009/3/12,3.89
2009/3/13,3.95
2009/3/16,3.92
2009/3/17,3.93
2009/3/18,4.05
2009/3/19,4.19
2009/3/20,4.27
2009/3/23,4.2
2009/3/24,4.23
2009/3/25,4.59
2009/3/26,4.61
2009/3/27,4.7
2009/3/30,4.72
2009/3/31,4.58
2009/4/1,5.04
2009/4/2,4.98
2009/4/3,4.85
2009/4/7,4.7
2009/4/8,4.78
2009/4/9,4.5
2009/4/10,4.59
2009/4/13,4.71
2009/4/14,4.75
2009/4/15,4.82
2009/4/16,5.2
2009/4/17,5.24
2009/4/20,4.94
2009/4/21,5.14
2009/4/22,5.14
2009/4/23,4.72
2009/4/24,4.67
2009/4/27,4.59
2009/4/28,4.39
2009/4/29,4.48
2009/4/30,4.57
2009/5/4,4.67
2009/5/5,4.79
2009/5/6,4.8
2009/5/7,4.91
2009/5/8,5.02
2009/5/11,5.04
2009/5/12,4.71
2009/5/13,4.8
2009/5/14,4.82
2009/5/15,4.89
2009/5/18,4.96
2009/5/19,4.96
2009/5/20,5.04
2009/5/21,5.01
2009/5/22,4.85
2009/5/25,5
2009/5/26,5.2
2009/5/27,5.26
2009/6/1,5.32
2009/6/2,5.32
2009/6/3,5.17
2009/6/4,5.16
2009/6/5,5.17
2009/6/8,5.19
2009/6/9,5.09
2009/6/10,5.38
2009/6/11,5.31
2009/6/12,5.15
2009/6/15,5
2009/6/16,5.1
2009/6/17,5.03
2009/6/18,5.07
2009/6/19,5.25
2009/6/22,5.13
2009/6/23,5.14
2009/6/24,5.06
2009/6/25,5.16
2009/6/26,5.03
2009/6/29,5.08
2009/6/30,5.08
2009/7/1,5.14
2009/7/2,5.14
2009/7/3,5.09
2009/7/6,5.08
2009/7/7,5.11
2009/7/8,5.15
2009/7/9,5.28
2009/7/10,5.3
2009/7/13,5.26
2009/7/14,5.34
2009/7/15,5.38
2009/7/16,5.59
2009/7/17,5.47
2009/7/20,5.43
2009/7/21,5.57
2009/7/22,5.35
2009/7/23,5.41
2009/7/24,5.38
2009/7/27,5.35
2009/7/28,5.47
2009/7/29,5.62
2009/7/30,5.16
2009/7/31,5.15
2009/8/3,5.31
2009/8/4,5.36
2009/8/5,5.49
2009/8/6,5.58
2009/8/7,5.63
2009/8/10,5.63
2009/8/11,5.44
2009/8/12,5.4
2009/8/13,5.09
2009/8/14,5.14
2009/8/17,4.72
2009/8/18,4.28
2009/8/19,4.4
2009/8/20,4.13
2009/8/21,4.3
2009/8/24,4.41
2009/8/25,4.52
2009/8/26,4.43
2009/8/27,4.58
2009/8/28,4.63
2009/8/31,4.47
2009/9/1,4.14
2009/9/2,4.14
2009/9/3,4.16
2009/9/4,4.33
2009/9/7,4.39
2009/9/8,4.41
2009/9/9,4.44
2009/9/10,4.52
2009/9/11,4.54
2009/9/14,4.99
2009/9/15,5.49
2009/9/16,6.04
2009/9/17,6.64
2009/9/18,6.79
2009/9/21,6.56
2009/9/22,6.4
2009/9/23,6.46
2009/9/24,6.27
2009/9/25,6.4
2009/9/28,5.76
2009/9/29,5.47
2009/9/30,5.4
2009/10/9,5.3
2009/10/12,5.68
2009/10/13,5.69
2009/10/14,5.7
2009/10/15,5.71
2009/10/16,5.56
2009/10/19,5.81
2009/10/20,5.84
2009/10/21,5.89
2009/10/22,5.68
2009/10/23,5.64
2009/10/26,5.66
2009/10/27,5.74
2009/10/28,5.85
2009/10/29,6.29
2009/10/30,5.84
2009/11/2,5.69
2009/11/3,5.69
2009/11/4,5.84
2009/11/5,5.92
2009/11/6,5.92
2009/11/9,6
2009/11/10,6.03
2009/11/11,5.97
2009/11/12,5.94
2009/11/13,5.95
2009/11/16,5.94
2009/11/17,6.09
2009/11/18,6.26
2009/11/19,6.18
2009/11/20,6.37
2009/11/23,6.33
2009/11/24,6.47
2009/11/25,5.98
2009/11/26,6.1
2009/11/27,5.7
2009/11/30,5.65
2009/12/1,5.83
2009/12/2,5.97
2009/12/3,6.14
2009/12/4,6.17
2009/12/7,5.95
2009/12/8,6.21
2009/12/9,6.2
2009/12/10,6.26
2009/12/11,6.17
2009/12/14,6.18
2009/12/15,6.05
2009/12/16,6.06
2009/12/17,5.99
2009/12/18,5.76
2009/12/21,5.58
2009/12/22,5.67
2009/12/23,5.48
2009/12/24,5.67
2009/12/25,5.76
2009/12/28,5.86
2009/12/29,5.91
2009/12/30,5.84
2009/12/31,5.85
2010/1/4,6.02
2010/1/5,6.04
2010/1/6,6.16
2010/1/7,6.48
2010/1/8,6.26
2010/1/11,6.45
2010/1/12,6.63
2010/1/13,6.76
2010/1/14,6.85
2010/1/15,7.29
2010/1/18,7.21
2010/1/19,7.46
2010/1/20,7.4
2010/1/21,6.83
2010/1/22,6.86
2010/1/25,6.8
2010/1/26,6.58
2010/1/27,6.33
2010/1/28,6.33
2010/1/29,6.57
2010/2/1,6.61
2010/2/2,6.78
2010/2/3,6.7
2010/2/4,6.58
2010/2/5,6.55
2010/2/8,6.36
2010/2/9,6.35
2010/2/10,6.62
2010/2/11,6.63
2010/2/12,6.51
2010/2/22,6.76
2010/2/23,6.73
2010/2/24,7.03
2010/2/25,7.07
2010/2/26,7.17
2010/3/1,7.11
2010/3/2,7.01
2010/3/3,7.4
2010/3/4,7.42
2010/3/5,7.03
2010/3/8,7.07
2010/3/9,7.23
2010/3/10,7.2
2010/3/11,7.11
2010/3/12,7.04
2010/3/15,6.96
2010/3/16,7
2010/3/17,7.04
2010/3/18,7.26
2010/3/19,7.29
2010/3/22,7.43
2010/3/23,7.58
2010/3/24,7.35
2010/3/25,7.47
2010/3/26,7.49
2010/3/29,7.69
2010/3/30,7.7
2010/3/31,7.89
2010/4/1,7.83
2010/4/2,7.82
2010/4/6,7.75
2010/4/7,7.69
2010/4/8,7.78
2010/4/9,7.78
2010/4/12,8.01
2010/4/13,8.14
2010/4/14,7.95
2010/4/15,8.2
2010/4/16,8.45
2010/4/19,8.78
2010/4/20,8.92
2010/4/21,9.49
2010/4/22,9.63
2010/4/23,9.8
2010/4/26,9.21
2010/4/27,9.59
2010/4/28,9.31
2010/4/29,8.98
2010/4/30,8.08
2010/5/4,7.78
2010/5/5,8.18
2010/5/6,8.61
2010/5/7,8.47
2010/5/10,8.61
2010/5/11,8.61
2010/5/12,7.93
2010/5/13,7.91
2010/5/14,8.24
2010/5/17,8.19
2010/5/18,8.19
2010/5/19,8.55
2010/5/20,9.21
2010/5/21,8.94
2010/5/24,9.01
2010/5/25,9.24
2010/5/26,9.08
2010/5/27,8.8
2010/5/28,9.53
2010/5/31,9.7
2010/6/1,9.15
2010/6/2,9.62
2010/6/3,9.82
2010/6/4,9.53
2010/6/7,9.66
2010/6/8,10.06
2010/6/9,10.08
2010/6/10,10.13
2010/6/11,10.04
2010/6/17,9.59
2010/6/18,9.31
2010/6/21,8.98
2010/6/22,9.3
2010/6/23,9.37
2010/6/24,9.28
2010/6/25,9.14
2010/6/28,8.99
2010/6/29,8.99
2010/6/30,8.09
2010/7/1,8.06
2010/7/2,7.77
2010/7/5,7.46
2010/7/6,7.29
2010/7/7,7.46
2010/7/8,7.73
2010/7/9,7.52
2010/7/12,7.75
2010/7/13,7.87
2010/7/14,7.66
2010/7/15,7.72
2010/7/16,7.3
2010/7/19,7.45
2010/7/20,7.71
2010/7/21,7.89
2010/7/22,7.95
2010/7/23,8.13
2010/7/26,8.09
2010/7/27,8.2
2010/7/28,8.33
2010/7/29,8.39
2010/7/30,8.36
2010/8/2,8.4
2010/8/3,8.52
2010/8/4,8.23
2010/8/5,8.33
2010/8/6,8.23
2010/8/9,8.45
2010/8/10,8.47
2010/8/11,8.6
2010/8/12,8.79
2010/8/13,8.91
2010/8/16,8.95
2010/8/17,9.09
2010/8/18,9.04
2010/8/19,8.94
2010/8/20,9.22
2010/8/23,8.88
2010/8/24,8.89
2010/8/25,9.04
2010/8/26,9.09
2010/8/27,9.31
2010/8/30,9.19
2010/8/31,9.93
2010/9/1,10.18
2010/9/2,9.99
2010/9/3,10.29
2010/9/6,10.7
2010/9/7,10.04
2010/9/8,10.1
2010/9/9,10.39
2010/9/10,10.4
2010/9/13,10.23
2010/9/14,10.54
2010/9/15,10.59
2010/9/16,10.09
2010/9/17,9.71
2010/9/20,9.59
2010/9/21,9.59
2010/9/27,10.55
2010/9/28,10.85
2010/9/29,11.47
2010/9/30,11.2
2010/10/8,11.6
2010/10/11,11.72
2010/10/12,11.27
2010/10/13,11.33
2010/10/14,11.13
2010/10/15,10.6
2010/10/18,10.88
2010/10/19,10.13
2010/10/20,10.66
2010/10/21,10.82
2010/10/22,11.39
2010/10/25,12.17
2010/10/26,12.38
2010/10/27,12.56
2010/10/28,12.53
2010/10/29,13.78
2010/11/1,15.16
2010/11/2,16.68
2010/11/3,16.13
2010/11/4,15.03
2010/11/5,16.53
2010/11/8,15.94
2010/11/9,16.03
2010/11/10,15.82
2010/11/11,16.99
2010/11/12,16.56
2010/11/15,16.37
2010/11/16,16.09
2010/11/17,14.49
2010/11/18,13.05
2010/11/19,14.36
2010/11/22,15.8
2010/11/23,16.09
2010/11/24,15.71
2010/11/25,17.22
2010/11/26,16.75
2010/11/29,16.76
2010/11/30,15.91
2010/12/1,16.93
2010/12/2,17.76
2010/12/3,17.43
2010/12/6,18.8
2010/12/7,18.85
2010/12/8,18.33
2010/12/9,19.18
2010/12/10,18.38
2010/12/13,18.34
2010/12/14,18.55
2010/12/15,19.53
2010/12/16,19.12
2010/12/17,18.61
2010/12/20,18.41
2010/12/21,17.92
2010/12/22,18.17
2010/12/23,18.49
2010/12/24,17.5
2010/12/27,16.91
2010/12/28,15.99
2010/12/29,15.21
2010/12/30,16.25
2010/12/31,16.33
2011/1/4,17.29
2011/1/5,17.37
2011/1/6,16.9
2011/1/7,16.99
2011/1/10,16.32
2011/1/11,15.95
2011/1/12,15.7
2011/1/13,15.76
2011/1/14,15.51
2011/1/17,14.74
2011/1/18,14.99
2011/1/19,14.61
2011/1/20,15.3
2011/1/21,14.34
2011/1/24,14.09
2011/1/25,13.59
2011/1/26,13.25
2011/1/27,13.57
2011/1/28,13.86
2011/1/31,13.94
2011/2/1,13.97
2011/2/9,15.37
2011/2/10,15.79
2011/2/11,15.99
2011/2/14,15.86
2011/2/15,16.18
2011/2/16,16.46
2011/2/17,17.21
2011/2/18,17.08
2011/2/21,17.07
2011/2/22,17.17
2011/2/23,16.76
2011/2/24,16.43
2011/2/25,16.53
2011/2/28,16.36
2011/3/1,16.81
2011/3/2,16.9
2011/3/3,16.51
2011/3/4,16.39
2011/3/7,16.48
2011/3/8,16.79
2011/3/9,17.3
2011/3/10,16.99
2011/3/11,16.56
2011/3/14,16.39
2011/3/15,16.11
2011/3/16,15.96
2011/3/17,16.76
2011/3/18,16.08
2011/3/21,16.07
2011/3/22,15.97
2011/3/23,16.09
2011/3/24,16.11
2011/3/25,15.95
2011/3/28,16.17
2011/3/29,16.22
2011/3/30,16.58
2011/3/31,17.24
2011/4/1,17.59
2011/4/6,16.89
2011/4/7,16.95
2011/4/8,16.46
2011/4/11,16.58
2011/4/12,16.58
2011/4/13,16.29
2011/4/14,16.12
2011/4/15,15.95
2011/4/18,16.08
2011/4/19,15.78
2011/4/20,15.18
2011/4/21,15.43
2011/4/22,15.57
2011/4/25,15.31
2011/4/26,14.61
2011/4/27,14.45
2011/4/28,14.45
2011/4/29,13.47
2011/5/3,13.92
2011/5/4,14.19
2011/5/5,14.23
2011/5/6,13.86
2011/5/9,13.97
2011/5/10,14.03
2011/5/11,14.34
2011/5/12,14.07
2011/5/13,13.63
2011/5/16,13.77
2011/5/17,13.58
2011/5/18,13.51
2011/5/19,14.31
2011/5/20,13.93
2011/5/23,14.19
2011/5/24,13.61
2011/5/25,13.9
2011/5/26,13.65
2011/5/27,13.48
2011/5/30,12.67
2011/5/31,12.14
2011/6/1,12.48
2011/6/2,12.62
2011/6/3,12.66
2011/6/7,12.75
2011/6/8,13.12
2011/6/9,13.08
2011/6/10,12.55
2011/6/13,12.43
2011/6/14,12.6
2011/6/15,12.76
2011/6/16,12.61
2011/6/17,12.99
2011/6/20,12.27
2011/6/21,11.92
2011/6/22,12.03
2011/6/23,12.05
2011/6/24,12.18
2011/6/27,12.53
2011/6/28,12.63
2011/6/29,12.73
2011/6/30,12.39
2011/7/1,12.53
2011/7/4,12.64
2011/7/5,13.22
2011/7/6,13.1
2011/7/7,13.17
2011/7/8,13.06
2011/7/11,13.12
2011/7/12,13.51
2011/7/13,13.37
2011/7/14,14.33
2011/7/15,14.4
2011/7/18,14.23
2011/7/19,14.02
2011/7/20,13.59
2011/7/21,13.81
2011/7/22,13.39
2011/7/25,13.43
2011/7/26,12.75
2011/7/27,12.9
2011/7/28,13.01
2011/7/29,12.87
2011/8/1,12.72
2011/8/2,12.76
2011/8/3,12.42
2011/8/4,12.51
2011/8/5,12.51
2011/8/8,12.19
2011/8/9,11.05
2011/8/10,11.21
2011/8/11,11.23
2011/8/12,11.32
2011/8/15,11.55
2011/8/16,11.85
2011/8/17,11.71
2011/8/18,11.48
2011/8/19,11.38
2011/8/22,11.23
2011/8/23,11.06
2011/8/24,11.41
2011/8/25,11.58
2011/8/26,11.75
2011/8/29,11.88
2011/8/30,11.67
2011/8/31,11.43
2011/9/1,11.2
2011/9/2,11.06
2011/9/5,11.16
2011/9/6,10.61
2011/9/7,10.57
2011/9/8,10.81
2011/9/9,10.72
2011/9/13,10.73
2011/9/14,10.38
2011/9/15,10.57
2011/9/16,10.5
2011/9/19,10.5
2011/9/20,10.26
2011/9/21,10.34
2011/9/22,10.85
2011/9/23,10.41
2011/9/26,10.28
2011/9/27,10.19
2011/9/28,10.3
2011/9/29,10.08
2011/9/30,9.44
2011/10/10,9.42
2011/10/11,9.37
2011/10/12,9.32
2011/10/13,9.59
2011/10/14,9.71
2011/10/17,10.16
2011/10/18,9.97
2011/10/19,9.44
2011/10/20,9.46
2011/10/21,9.24
2011/10/24,8.83
2011/10/25,8.95
2011/10/26,9.2
2011/10/27,9.17
2011/10/28,9.13
2011/10/31,9.36
2011/11/1,9.59
2011/11/2,9.43
2011/11/3,9.6
2011/11/4,9.79
2011/11/7,9.86
2011/11/8,9.91
2011/11/9,9.63
2011/11/10,9.81
2011/11/11,9.55
2011/11/14,10.51
2011/11/15,10.85
2011/11/16,11.04
2011/11/17,10.8
2011/11/18,10.72
2011/11/21,10.22
2011/11/22,10.49
2011/11/23,10.71
2011/11/24,10.44
2011/11/25,10.56
2011/11/28,10.21
2011/11/29,9.89
2011/11/30,10.07
2011/12/1,9.22
2011/12/2,9.31
2011/12/5,9.07
2011/12/6,8.83
2011/12/7,8.9
2011/12/8,8.88
2011/12/9,8.92
2011/12/12,8.94
2011/12/13,8.78
2011/12/14,8.15
2011/12/15,7.9
2011/12/16,7.37
2011/12/19,7.6
2011/12/20,7.6
2011/12/21,7.69
2011/12/22,7.35
2011/12/23,7.35
2011/12/26,7.3
2011/12/27,7.28
2011/12/28,7.03
2011/12/29,7.2
2011/12/30,7.13
2012/1/4,7.46
2012/1/5,7.15
2012/1/6,6.86
2012/1/9,7.08
2012/1/10,7.42
2012/1/11,7.68
2012/1/12,7.91
2012/1/13,8
2012/1/16,7.82
2012/1/17,7.32
2012/1/18,7.94
2012/1/19,7.93
2012/1/20,7.95
2012/1/30,7.73
2012/1/31,7.6
2012/2/1,7.75
2012/2/2,8.18
2012/2/3,8.16
2012/2/6,8.15
2012/2/7,8.14
2012/2/8,7.9
2012/2/9,8.22
2012/2/10,8.24
2012/2/13,8.46
2012/2/14,8.51
2012/2/15,8.41
2012/2/16,8.6
2012/2/17,8.62
2012/2/20,8.57
2012/2/21,8.48
2012/2/22,8.55
2012/2/23,8.73
2012/2/24,8.74
2012/2/27,8.77
2012/2/28,8.83
2012/2/29,8.98
2012/3/1,8.86
2012/3/2,9.14
2012/3/5,9.21
2012/3/6,9.2
2012/3/7,9.03
2012/3/8,8.89
2012/3/9,9.14
2012/3/12,9.26
2012/3/13,9.44
2012/3/14,9.42
2012/3/15,9.15
2012/3/16,8.8
2012/3/19,9.18
2012/3/20,9.36
2012/3/21,9.06
2012/3/22,9.25
2012/3/23,9.21
2012/3/26,8.88
2012/3/27,8.7
2012/3/28,8.8
2012/3/29,8.25
2012/3/30,7.81
2012/4/5,7.52
2012/4/6,7.79
2012/4/9,7.98
2012/4/10,7.84
2012/4/11,7.96
2012/4/12,8.1
2012/4/13,8.25
2012/4/16,8.36
2012/4/17,8.18
2012/4/18,8.08
2012/4/19,8.28
2012/4/20,8.19
2012/4/23,8.22
2012/4/24,7.92
2012/4/25,7.82
2012/4/26,8.04
2012/4/27,8.07
2012/5/2,7.98
2012/5/3,8.16
2012/5/4,8.12
2012/5/7,8.25
2012/5/8,8.25
2012/5/9,8.28
2012/5/10,8.24
2012/5/11,8.49
2012/5/14,8.42
2012/5/15,8.18
2012/5/16,8.05
2012/5/17,7.84
2012/5/18,7.92
2012/5/21,7.84
2012/5/22,8.07
2012/5/23,8.04
2012/5/24,8.12
2012/5/25,8.24
2012/5/28,8.26
2012/5/29,8.1
2012/5/30,8.73
2012/5/31,8.58
2012/6/1,8.6
2012/6/4,8.58
2012/6/5,8.03
2012/6/6,8.01
2012/6/7,7.96
2012/6/8,7.82
2012/6/11,7.74
2012/6/12,7.93
2012/6/13,7.89
2012/6/14,8.01
2012/6/15,7.86
2012/6/18,7.87
2012/6/19,7.93
2012/6/20,7.77
2012/6/21,7.76
2012/6/25,7.72
2012/6/26,7.3
2012/6/27,7.24
2012/6/28,7.13
2012/6/29,6.91
2012/7/2,7.03
2012/7/3,7.09
2012/7/4,7.06
2012/7/5,7.03
2012/7/6,6.82
2012/7/9,7.01
2012/7/10,6.69
2012/7/11,6.69
2012/7/12,6.78
2012/7/13,6.91
2012/7/16,6.79
2012/7/17,6.33
2012/7/18,6.39
2012/7/19,6.43
2012/7/20,6.5
2012/7/23,6.5
2012/7/24,6.45
2012/7/25,6.4
2012/7/26,6.35
2012/7/27,6.29
2012/7/30,6.16
2012/7/31,5.61
2012/8/1,5.38
2012/8/2,5.47
2012/8/3,5.38
2012/8/6,5.5
2012/8/7,5.71
2012/8/8,5.91
2012/8/9,5.84
2012/8/10,5.88
2012/8/13,6.28
2012/8/14,5.98
2012/8/15,5.91
2012/8/16,5.77
2012/8/17,5.74
2012/8/20,5.75
2012/8/21,5.72
2012/8/22,5.82
2012/8/23,5.72
2012/8/24,5.85
2012/8/27,5.74
2012/8/28,5.45
2012/8/29,5.47
2012/8/30,5.44
2012/8/31,5.47
2012/9/3,5.48
2012/9/4,5.56
2012/9/5,5.48
2012/9/6,5.57
2012/9/7,5.64
2012/9/10,5.85
2012/9/11,5.89
2012/9/12,5.89
2012/9/13,6.48
2012/9/14,6.44
2012/9/17,6.32
2012/9/18,5.98
2012/9/19,5.98
2012/9/20,6.05
2012/9/21,5.86
2012/9/24,5.76
2012/9/25,5.8
2012/9/26,5.62
2012/9/27,5.45
2012/9/28,5.57
2012/10/8,5.68
2012/10/9,5.61
2012/10/10,5.8
2012/10/11,5.93
2012/10/12,5.78
2012/10/15,5.75
2012/10/16,5.63
2012/10/17,5.57
2012/10/18,5.61
2012/10/19,5.68
2012/10/22,5.75
2012/10/23,5.75
2012/10/24,5.79
2012/10/25,5.81
2012/10/26,5.62
2012/10/29,5.46
2012/10/30,5.41
2012/10/31,5.42
2012/11/1,5.43
2012/11/2,5.57
2012/11/5,5.57
2012/11/6,5.59
2012/11/7,5.53
2012/11/8,5.54
2012/11/9,5.32
2012/11/12,5.33
2012/11/13,5.32
2012/11/14,5.34
2012/11/15,5.38
2012/11/16,5.35
2012/11/19,5.33
2012/11/20,5.31
2012/11/21,5.32
2012/11/22,5.38
2012/11/23,5.31
2012/11/26,5.31
2012/11/27,5.16
2012/11/28,4.65
2012/11/29,4.48
2012/11/30,4.39
2012/12/3,4.47
2012/12/4,4.37
2012/12/5,4.48
2012/12/6,4.64
2012/12/7,4.61
2012/12/10,4.8
2012/12/11,4.96
2012/12/12,4.87
2012/12/13,4.83
2012/12/14,4.69
2012/12/17,4.9
2012/12/18,5.03
2012/12/19,5.12
2012/12/20,5.06
2012/12/21,5.21
2012/12/24,5.19
2012/12/25,5.09
2012/12/26,5.22
2012/12/27,5.27
2012/12/28,5.27
2012/12/31,5.27
2013/1/4,5.28
2013/1/7,5.26
2013/1/8,5.24
2013/1/9,5.37
2013/1/10,5.33
2013/1/11,5.57
2013/1/14,5.28
2013/1/15,5.46
2013/1/16,5.6
2013/1/17,5.7
2013/1/18,5.59
2013/1/21,5.62
2013/1/22,5.6
2013/1/23,5.47
2013/1/24,5.4
2013/1/25,5.39
2013/1/28,5.24
2013/1/29,5.32
2013/1/30,5.41
2013/1/31,5.56
2013/2/1,5.36
2013/2/4,5.35
2013/2/5,5.28
2013/2/6,5.31
2013/2/7,5.33
2013/2/8,5.28
2013/2/18,5.35
2013/2/19,5.38
2013/2/20,5.32
2013/2/21,5.46
2013/2/22,5.5
2013/2/25,5.58
2013/2/26,5.56
2013/2/27,5.38
2013/2/28,5.29
2013/3/1,5.38
2013/3/4,5.52
2013/3/5,5.42
2013/3/6,5.67
2013/3/7,5.8
2013/3/8,5.72
2013/3/11,5.78
2013/3/12,5.64
2013/3/13,5.46
2013/3/14,5.45
2013/3/15,5.49
2013/3/18,5.45
2013/3/19,5.21
2013/3/20,5.22
2013/3/21,5.3
2013/3/22,5.39
2013/3/25,5.55
2013/3/26,5.57
2013/3/27,5.61
2013/3/28,5.63
2013/3/29,5.55
2013/4/1,5.28
2013/4/2,5.32
2013/4/3,5.28
2013/4/8,5.19
2013/4/9,5.09
2013/4/10,5.27
2013/4/11,5.16
2013/4/12,5.11
2013/4/15,5.03
2013/4/16,4.83
2013/4/17,4.88
2013/4/18,4.92
2013/4/19,4.92
2013/4/22,5.08
2013/4/23,5.05
2013/4/24,4.9
2013/4/25,4.94
2013/4/26,4.81
2013/5/2,4.72
2013/5/3,4.71
2013/5/6,4.81
2013/5/7,5.11
2013/5/8,5.2
2013/5/9,5.18
2013/5/10,5.21
2013/5/13,5.18
2013/5/14,5.22
2013/5/15,5.2
2013/5/16,5.36
2013/5/17,5.36
2013/5/20,5.43
2013/5/21,5.66
2013/5/22,5.99
2013/5/23,5.92
2013/5/24,5.83
2013/5/27,5.99
2013/5/28,5.93
2013/5/29,5.88
2013/5/30,6.02
2013/5/31,5.96
2013/6/3,5.76
2013/6/4,5.66
2013/6/5,5.53
2013/6/6,5.74
2013/6/7,5.69
2013/6/13,5.5
2013/6/14,5.26
2013/6/17,5.29
2013/6/18,5.66
2013/6/19,5.6
2013/6/20,5.68
2013/6/21,5.29
2013/6/24,5.22
2013/6/25,4.86
2013/6/26,4.82
2013/6/27,4.92
2013/6/28,4.74
2013/7/1,4.72
2013/7/2,4.86
2013/7/3,4.89
2013/7/4,4.87
2013/7/5,4.95
2013/7/8,4.91
2013/7/9,4.55
2013/7/10,4.58
2013/7/11,5.04
2013/7/12,5.08
2013/7/15,4.97
2013/7/16,5.07
2013/7/17,5.58
2013/7/18,6.14
2013/7/19,6.4
2013/7/22,5.89
2013/7/23,5.91
2013/7/24,6.07
2013/7/25,5.94
2013/7/26,5.72
2013/7/29,5.87
2013/7/30,5.76
2013/7/31,5.91
2013/8/1,5.83
2013/8/2,6.01
2013/8/5,5.94
2013/8/6,5.98
2013/8/7,6
2013/8/8,5.85
2013/8/9,5.92
2013/8/12,6.14
2013/8/13,6.17
2013/8/14,6.14
2013/8/15,6.04
2013/8/16,5.91
2013/8/19,5.76
2013/8/20,5.88
2013/8/21,5.78
2013/8/22,5.89
2013/8/23,5.99
2013/8/26,5.86
2013/8/27,5.9
2013/8/28,5.94
2013/8/29,5.78
2013/8/30,5.74
2013/9/2,5.58
2013/9/3,5.69
2013/9/4,5.71
2013/9/5,5.79
2013/9/6,5.7
2013/9/9,5.72
2013/9/10,5.78
2013/9/11,5.92
2013/9/12,5.86
2013/9/13,5.86
2013/9/16,6.1
2013/9/17,6.05
2013/9/18,5.75
2013/9/23,5.8
2013/9/24,5.9
2013/9/25,5.75
2013/9/26,5.82
2013/9/27,5.66
2013/9/30,5.66
2013/10/8,5.77
2013/10/9,5.88
2013/10/10,5.9
2013/10/11,5.92
2013/10/14,5.96
2013/10/15,5.9
2013/10/16,5.93
2013/10/17,6.24
2013/10/18,6.31
2013/10/21,6.38
2013/10/22,6.43
2013/10/23,6.55
2013/10/24,6.7
2013/10/25,6.36
2013/10/28,6.16
2013/10/29,6.27
2013/10/30,5.85
2013/10/31,5.88
2013/11/1,5.91
2013/11/4,5.99
2013/11/5,6.03
2013/11/6,6.29
2013/11/7,6.36
2013/11/8,6.45
2013/11/11,6.2
2013/11/12,6.63
2013/11/13,6.63
2013/11/14,6.35
2013/11/15,6.99
2013/11/18,7.41
2013/11/19,7.39
2013/11/20,7.7
2013/11/21,7.75
2013/11/22,7.37
2013/11/25,7.4
2013/11/26,7.47
2013/11/27,7.75
2013/11/28,7.79
2013/11/29,7.98
2013/12/2,8.28
2013/12/3,8.05
2013/12/4,8.86
2013/12/5,9.75
2013/12/6,9.43
2013/12/9,8.97
2013/12/10,8.96
2013/12/11,9.16
2013/12/12,8.24
2013/12/13,8.17
2013/12/16,8.43
2013/12/17,8.31
2013/12/18,8.67
2013/12/19,9.15
2013/12/20,8.76
2013/12/23,8.3
2013/12/24,8.3
2013/12/25,8.2
2013/12/26,8.6
2013/12/27,8.26
2013/12/30,8.4
2013/12/31,8.82
2014/1/2,8.69
2014/1/3,8.88
2014/1/6,9.16
2014/1/7,9.44
2014/1/8,9.54
2014/1/9,9.36
2014/1/10,9.6
2014/1/13,9.04
2014/1/14,8.5
2014/1/15,8.82
2014/1/16,8.84
2014/1/17,8.99
2014/1/20,8.66
2014/1/21,8.96
2014/1/22,9.22
2014/1/23,9.29
2014/1/24,9.29
2014/1/27,10.22
2014/1/28,10.77
2014/1/29,10.78
2014/1/30,11.86
2014/2/7,11.41
2014/2/10,11.78
2014/2/11,12.14
2014/2/12,11.31
2014/2/13,11.46
2014/2/14,10.8
2014/2/17,10.99
2014/2/18,11.27
2014/2/19,11.06
2014/2/20,11.22
2014/2/21,10.55
2014/2/24,10.7
2014/2/25,10.71
2014/2/26,10.33
2014/2/27,10.15
2014/2/28,10.19
2014/3/3,10.38
2014/3/4,10.48
2014/3/5,10.85
2014/3/6,11.8
2014/3/7,11.4
2014/3/10,11.07
2014/3/11,10.29
2014/3/12,10.38
2014/3/13,11
2014/3/14,11.01
2014/3/17,11.39
2014/3/18,11.85
2014/3/19,11.67
2014/3/20,11.73
2014/3/21,10.88
2014/3/24,11.34
2014/3/25,11.16
2014/3/26,10.84
2014/3/27,10.96
2014/3/28,10.34
2014/3/31,9.41
2014/4/1,9.69
2014/4/2,10.02
2014/4/3,10.17
2014/4/4,9.9
2014/4/8,10.15
2014/4/9,10.13
2014/4/10,10.59
2014/4/11,11.06
2014/4/14,10.79
2014/4/15,10.83
2014/4/16,10.66
2014/4/17,10.25
2014/4/18,10.24
2014/4/21,10.68
2014/4/22,10.74
2014/4/23,10.52
2014/4/24,10.32
2014/4/25,10.19
2014/4/28,9.6
2014/4/29,9.44
2014/4/30,9.87
2014/5/5,9.95
2014/5/6,10.27
2014/5/7,10.47
2014/5/8,10.21
2014/5/9,9.91
2014/5/12,9.97
2014/5/13,10.45
2014/5/14,10.48
2014/5/15,10.9
2014/5/16,10.4
2014/5/19,10.65
2014/5/20,10.24
2014/5/21,10.41
2014/5/22,10.77
2014/5/23,10.8
2014/5/26,10.9
2014/5/27,10.95
2014/5/28,11.12
2014/5/29,11.01
2014/5/30,11.12
2014/6/3,11.07
2014/6/4,10.86
2014/6/5,10.37
2014/6/6,10.53
2014/6/9,10.49
2014/6/10,10.23
2014/6/11,10.4
2014/6/12,10.66
2014/6/13,10.47
2014/6/16,10.83
2014/6/17,10.84
2014/6/18,11
2014/6/19,10.88
2014/6/20,10.28
2014/6/23,10.41
2014/6/24,10.49
2014/6/25,10.87
2014/6/26,10.96
2014/6/27,10.96
2014/6/30,10.96
2014/7/1,12.06
2014/7/2,12.99
2014/7/3,12.6
2014/7/4,12.51
2014/7/7,12.33
2014/7/8,12.39
2014/7/9,12.22
2014/7/10,12.09
2014/7/11,11.61
2014/7/14,11.75
2014/7/15,12.03
2014/7/16,11.78
2014/7/17,11.42
2014/7/18,11.49
2014/7/21,11.37
2014/7/22,11.33
2014/7/23,11.59
2014/7/24,11.5
2014/7/25,11.32
2014/7/28,11.52
2014/7/29,11.68
2014/7/30,11.62
2014/7/31,11.59
2014/8/1,12
2014/8/4,11.75
2014/8/5,11.86
2014/8/6,12.24
2014/8/7,12.12
2014/8/8,11.8
2014/8/11,11.81
2014/8/12,11.86
2014/8/13,11.96
2014/8/14,11.8
2014/8/15,11.7
2014/8/18,11.82
2014/8/19,12.43
2014/8/20,12.26
2014/8/21,12.2
2014/8/22,12.09
2014/8/25,12.18
2014/8/26,12.11
2014/8/27,12.37
2014/8/28,12.61
2014/8/29,12.09
2014/9/1,12.34
2014/9/2,12.39
2014/9/3,12.55
2014/9/4,12.46
2014/9/5,12.75
2014/9/9,12.58
2014/9/10,12.6
2014/9/11,11.61
2014/9/12,11.52
2014/9/15,11.63
2014/9/16,11.74
2014/9/17,11.32
2014/9/18,11.44
2014/9/19,11.37
2014/9/22,11.38
2014/9/23,11.07
2014/9/24,11.24
2014/9/25,11.44
2014/9/26,11.36
2014/9/29,11.33
2014/9/30,11.44
2014/10/8,11.47
2014/10/9,11.27
2014/10/10,11.37
2014/10/13,11.23
2014/10/14,11.17
2014/10/15,11.13
2014/10/16,11.24
2014/10/17,10.96
2014/10/20,10.58
2014/10/21,10.66
2014/10/22,10.44
2014/10/23,10.33
2014/10/24,10.03
2014/10/27,10.13
2014/10/28,10.2
2014/10/29,10.44
2014/10/30,10.49
2014/10/31,10.58
2014/11/3,10.48
2014/11/4,10.44
2014/11/5,10.25
2014/11/6,10.52
2014/11/7,10.45
2014/11/10,10.38
2014/11/11,10.39
2014/11/12,10.08
2014/11/13,10.19
2014/11/14,9.96
2014/11/17,9.89
2014/11/18,10.03
2014/11/19,10.16
2014/11/20,10.17
2014/11/21,10.06
2014/11/24,10.1
2014/11/25,10.21
2014/11/26,10.38
2014/11/27,10.36
2014/11/28,10.72
2014/12/1,10.56
2014/12/2,10.32
2014/12/3,10.41
2014/12/4,10.64
2014/12/5,10.62
2014/12/8,10.27
2014/12/9,10.58
2014/12/10,10.08
2014/12/11,10.31
2014/12/12,10.43
2014/12/15,10.64
2014/12/16,10.72
2014/12/17,10.66
2014/12/18,10.6
2014/12/19,10.61
2014/12/22,10.41
2014/12/23,9.73
2014/12/24,9.64
2014/12/25,9.8
2014/12/26,9.81
2014/12/29,9.85
2014/12/30,9.7
2014/12/31,9.34
2015/1/5,9.28
2015/1/6,9.43
2015/1/7,9.89
2015/1/8,9.87
2015/1/9,9.8
2015/1/12,9.96
2015/1/13,10.01
2015/1/14,10.15
2015/1/15,9.9
2015/1/16,9.93
2015/1/19,9.86
2015/1/20,9.38
2015/1/21,9.75
2015/1/22,9.94
2015/1/23,10.11
2015/1/26,10.04
2015/1/27,10.38
2015/1/28,10.34
2015/1/29,10.33
2015/1/30,10.25
2015/2/2,10.19
2015/2/3,10.18
2015/2/4,10.38
2015/2/5,10.3
2015/2/6,10.47
2015/2/9,10.42
2015/2/10,10.13
2015/2/11,10.37
2015/2/12,10.37
2015/2/13,10.47
2015/2/16,10.91
2015/2/17,11.28
2015/2/25,11.15
2015/2/26,10.97
2015/2/27,11.23
2015/3/2,11.14
2015/3/3,11.62
2015/3/4,11.54
2015/3/5,11.53
2015/3/6,11.94
2015/3/9,11.62
2015/3/10,11.93
2015/3/11,11.61
2015/3/12,11.56
2015/3/13,11.38
2015/3/16,11.48
2015/3/17,12
2015/3/18,12.7
2015/3/19,13.59
2015/3/20,13.33
2015/3/23,14.05
2015/3/24,14.07
2015/3/25,14.15
2015/3/26,15.13
2015/3/27,14.77
2015/3/30,15.21
2015/3/31,15.72
2015/4/1,15.69
2015/4/2,16.1
2015/4/3,17.71
2015/4/7,17.65
2015/4/8,17.91
2015/4/9,17.25
2015/4/10,16.31
2015/4/13,17.31
2015/4/14,17.39
2015/4/15,17.73
2015/4/16,16.37
2015/4/17,16.12
2015/4/20,15.92
2015/4/21,15.24
2015/4/22,16.13
2015/4/23,16.51
2015/4/24,16.49
2015/4/27,15.95
2015/4/28,16.06
2015/4/29,15.36
2015/4/30,15.71
2015/5/4,15.75
2015/5/5,16.43
2015/5/6,16.03
2015/5/7,16.35
2015/5/8,17.11
2015/5/11,18.49
2015/5/12,18.64
2015/5/13,18.29
2015/5/14,18.1
2015/5/15,19.51
2015/5/18,18.81
2015/5/19,18.79
2015/5/20,19.11
2015/5/21,20.01
2015/5/22,21.76
2015/5/25,22.47
2015/5/26,22.58
2015/5/27,22.86
2015/5/28,22.05
2015/5/29,20.46
2015/6/1,19.79
2015/6/2,21.21
2015/6/3,22.04
2015/6/4,22.74
2015/6/5,22.35
2015/6/8,24.58
2015/6/9,25.04
2015/6/10,26.45
2015/6/11,26.45
2015/6/12,26.45
2015/6/15,26.45
2015/6/16,26.45
2015/6/17,23.83
2015/6/18,22.94
2015/6/19,21.73
2015/6/23,21.01
2015/6/24,20.78
2015/6/25,21.78
2015/6/26,20.03
2015/6/29,18.03
2015/6/30,16.23
2015/7/1,17.01
2015/7/2,15.31
2015/7/3,13.78
2015/7/6,12.4
2015/7/7,12.4
2015/7/8,12.4
2015/7/9,12.4
2015/7/10,12.4
2015/7/13,12.4
2015/7/14,12.4
2015/7/15,13.64
2015/7/16,12.81
2015/7/17,12.59
2015/7/20,13.74
2015/7/21,14.23
2015/7/22,14.58
2015/7/23,14.73
2015/7/24,15.29
2015/7/27,14.85
2015/7/28,13.37
2015/7/29,12.13
2015/7/30,12.78
2015/7/31,12.51
2015/8/3,12.02
2015/8/4,10.82
2015/8/5,11.9
2015/8/6,11.99
2015/8/7,12.31
2015/8/10,12.94
2015/8/11,13.56
2015/8/12,13.89
2015/8/13,13.18
2015/8/14,13.94
2015/8/17,14.3
2015/8/18,14.99
2015/8/19,13.49
2015/8/20,13.71
2015/8/21,13.11
2015/8/24,12.2
2015/8/25,10.98
2015/8/26,9.88
2015/8/27,8.89
2015/8/28,9.42
2015/8/31,10.25
2015/9/1,9.71
2015/9/2,8.83
2015/9/7,8.18
2015/9/8,8.44
2015/9/9,9.18
2015/9/10,9.61
2015/9/11,9.31
2015/9/14,9.57
2015/9/15,8.67
2015/9/16,8.04
2015/9/17,8.84
2015/9/18,8.73
2015/9/21,8.98
2015/9/22,9.35
2015/9/23,9.31
2015/9/24,9.24
2015/9/25,9.4
2015/9/28,8.88
2015/9/29,9.33
2015/9/30,9.01
2015/10/8,9.01
2015/10/9,9.48
2015/10/12,10.07
2015/10/13,10.71
2015/10/14,10.83
2015/10/15,10.62
2015/10/16,10.95
2015/10/19,11.51
2015/10/20,11.27
2015/10/21,11.84
