district,hurt,time,place
3101176201400120,伤人事故,2014-8-29 18:30:00,泗陈公路出佘北公路东约2米
3101182201400410,死亡事故,2014-8-12 22:55:00,嘉松中路出华隆路南约3000米
3101158201500130,死亡事故,2015-4-15 8:10:00,大川公路进周祝公路北约500米
3101121201400290,死亡事故,2014-11-26 11:50:00,苏召路立跃路北约200米
3101155201400390,死亡事故,2014-9-11 15:05:00,港城路出杨高北路西约300米
3101158201400290,死亡事故,2014-7-2 7:18:00,康新公路进新卫路南约40米
3101173201400080,死亡事故,2014-7-5 8:06:00,新绿街进新绿街新颖路西约150米
3101087201400020,伤人事故,2014-7-23 12:40:00,江场西路原平路东约5米
3101171201400100,财产损失事故,2014-7-19 10:35:00,辰花公路出光星路西约100米
3101087201400020,死亡事故,2014-7-7 20:17:00,天目中路大统路东约1米
3102303201400110,死亡事故,2014-9-25 16:15:00,协定公路协津公路西约500米
3101120201400170,死亡事故,2014-7-7 23:39:00,剑川路进莲花南路东约300米
3101153201400320,死亡事故,2014-7-21 17:22:00,御青路京浦路西约20米
3101170201400080,死亡事故,2014-7-7 17:25:00,塔闵公路出松卫北路西约1000米
3101127201400170,死亡事故,2014-7-17 18:05:00,沪闵路贵都路南约5米
3101128201400170,伤人事故,2014-7-16 22:23:00,春西路申旺路南约30米
3101177201400120,死亡事故,2014-8-23 22:58:00,昆港公路出新港路南约80米
3101151201400340,死亡事故,2014-8-3 11:55:00,汇成路园西路东约1米
3101172201400090,死亡事故,2014-7-11 15:33:00,滨湖路出新松江路南约100米
3101146201400140,死亡事故,2014-10-30 22:50:00,外钱公路进墨玉北路东约300米
3101151201400410,死亡事故,2014-9-18 19:25:00,东川公路上川路北约600米
3101124201400210,伤人事故,2014-9-3 12:16:00,春都路都庄路东约100米
3101173201400090,死亡事故,2014-7-9 19:34:00,嘉松南路沈砖公路东北约20米
3101129201400200,伤人事故,2014-8-24 20:07:00,三鲁公路立跃路北约400米
3101126201400180,伤人事故,2014-7-20 22:04:00,联跃路浦星公路东约0米
3101121201400160,死亡事故,2014-7-6 20:51:00,沪闵路莘建路南约300米
3101121201400190,伤人事故,2014-7-29 11:37:00,立跃路立民路北约0米
3101086201400020,死亡事故,2014-7-21 10:34:00,共和新路出彭江路北约100米
3101175201400100,伤人事故,2014-7-18 17:45:00,方泗公路进九干路南约200米
3101107201400040,死亡事故,2014-10-23 9:23:00,政立路淞沪路东北约1米
3101151201400350,死亡事故,2014-8-5 17:09:00,张杨北路航津路东约10米
3101154201400390,死亡事故,2014-9-11 19:57:00,张东路祖冲之路东约1米
3101126201400170,伤人事故,2014-7-6 21:58:00,漕宝路进龙茗路东约100米
3101152201400440,死亡事故,2014-10-4 7:15:00,东高路张杨北路西约5米
3103013201400000,伤人事故,2014-7-20 22:25:00,沪渝高速北侧中春路下匝道后约1000米
3101153201400290,死亡事故,2014-7-2 21:40:00,五洲大道北侧申江路上匝道
3101160201400060,死亡事故,2014-8-6 8:56:00,金展路林贤路南约200米
3101175201400080,伤人事故,2014-7-3 3:30:00,沪昆高速北侧36km约900米
3101184201400390,死亡事故,2014-8-2 21:38:00,崧泽大道出赵重公路东约1500米
3101057201400020,死亡事故,2014-7-14 15:28:00,北翟路出剑河路西约100米
3101173201400090,死亡事故,2014-7-12 19:40:00,玉树路进兴仓路北约80米
3101138201400130,伤人事故,2014-7-23 4:05:00,外环高速东侧85km约200米
3101136201400150,死亡事故,2014-8-29 18:32:00,恒高路进江杨南路东约30米
3101183201400380,死亡事故,2014-7-23 8:01:00,嘉松中路纪鹤公路西北约10米
3101120201400160,死亡事故,2014-7-4 10:50:00,老沪闵路进华泾路西约200米
3101180201400380,死亡事故,2014-7-26 0:57:00,新胜路进白石公路南约500米
3101049201400040,死亡事故,2014-7-16 10:07:00,龙吴路银都路西北约20米
3101177201400110,死亡事故,2014-8-3 20:15:00,申港路出华磊路南约500米
3101124201400230,伤人事故,2014-9-27 7:10:00,吴中路出环镇西路东约100米
3101130201400130,死亡事故,2014-7-31 17:35:00,泰和西路富长路东约500米
3101147201400100,死亡事故,2014-8-6 15:35:00,永盛路希望路东约1米
3101158201400290,死亡事故,2014-7-2 1:00:00,申江南路周祝公路(南)南约30米
3101152201400410,死亡事故,2014-9-21 22:32:00,高科中路伽利略路东约1米
3101148201400120,死亡事故,2014-8-30 6:40:00,宝钱公路沪宜公路北约1米
3101157201400420,死亡事故,2014-9-27 18:10:00,南团公路进宣黄公路南约300米
3101121201400180,死亡事故,2014-7-22 17:09:00,联友路周泾路东北约5米
3101097201400020,伤人事故,2014-7-21 15:15:00,周家嘴路公平路南约00米
3101134201400120,死亡事故,2014-7-8 9:29:00,其他路大华路301弄83号
3101171201400110,死亡事故,2014-8-12 9:55:00,同利路进盛龙路西约500米
3101168201400090,死亡事故,2014-10-14 17:54:00,卫六路进板桥西路南约100米
3101157201400420,死亡事故,2014-9-23 10:10:00,栏学路科农路东约1米
3101133201400130,死亡事故,2014-7-30 9:16:00,宝安公路进联杨路西约200米
3101146201400110,死亡事故,2014-8-21 12:45:00,金昌西路老翔黄路西约300米
3101174201400120,伤人事故,2014-8-10 21:00:00,九泾路进沧泾路北约200米
3101165201400080,死亡事故,2014-9-17 12:14:00,亭枫公路金石公路东约50米
3101123201400240,伤人事故,2014-9-29 21:50:00,银都路景洪路西约200米
3101156201400320,死亡事故,2014-7-21 3:46:00,川周公路秀浦路西约10米
3101142201400110,死亡事故,2014-8-19 19:35:00,曹安公路出淞阳南路西约300米
3101157201400290,死亡事故,2014-7-4 12:25:00,沪南公路康新公路东约5米
3101177201400080,死亡事故,2014-7-7 14:33:00,沪昆高速北侧47km约200米
3101146201400090,死亡事故,2014-7-9 8:43:00,新建一路澄浏公路南约30米
3101156201400300,死亡事故,2014-7-10 17:59:00,上丰路进金丰路南约1米
3101180201400360,死亡事故,2014-7-12 11:07:00,杜村公路出友爱路北约1000米
3101141201400110,死亡事故,2014-8-25 13:35:00,嘉罗公路迎园中路北约10米
3101106201400050,死亡事故,2014-11-17 6:30:00,营口路出佳木斯路北约150米
3101124201400180,伤人事故,2014-7-22 9:10:00,七莘路润虹路东北约0米
3101151201400310,死亡事故,2014-7-13 16:50:00,其他路航头镇海桥村
3101176201400100,死亡事故,2014-7-27 11:32:00,文翔路辰塔路西约5米
3101174201400130,伤人事故,2014-9-18 19:22:00,场东路出莘松路南约100米
3101181201400370,死亡事故,2014-7-17 10:08:00,沪青平公路进高泾路东约5米
3101151201400360,死亡事故,2014-8-14 17:15:00,巨峰路进申江路东约400米
3101174201400090,死亡事故,2014-7-7 3:55:00,中山中路出人民南路(东)东约3米
3102304201400080,死亡事故,2014-7-14 15:10:00,其他路庙镇合中村路
3101173201400080,死亡事故,2014-7-4 20:05:00,荣乐东路松东路东约10米
3101128201400190,伤人事故,2014-7-30 6:17:00,沪闵路新苗路北约5米
3101139201400140,死亡事故,2014-8-13 14:42:00,宝祁路南侧0km约319米
3101158201400300,死亡事故,2014-7-6 3:08:00,靖海路进人民东路南约50米
3101165201400080,死亡事故,2014-9-17 2:27:00,漕廊公路进沪杭公路西约50米
3101163201400080,死亡事故,2014-9-16 7:15:00,亭枫公路新顺路西约150米
3101153201400380,死亡事故,2014-8-28 8:25:00,下盐路军港公路东约1米
3101122201400170,死亡事故,2014-7-9 3:44:00,浦星公路出沈杜公路南约100米
3101176201400120,伤人事故,2014-8-20 4:18:00,莘砖公路同乐路北约3米
3101159201400300,死亡事故,2014-7-6 12:20:00,川南奉公路进东大公路北约1000米
3101075201400060,死亡事故,2014-7-26 2:40:00,古浪路进真南路东约100米
3101170201400080,死亡事故,2014-7-7 16:55:00,沪昆高速出沪方向新桥入口匝道
3101157201400290,死亡事故,2014-7-1 19:12:00,普庆路进德兴街东约1米
3101070201400090,死亡事故,2014-10-12 0:26:00,交通路进泾惠路西约150米
3101109201400030,死亡事故,2014-9-14 11:25:00,周家嘴路出许昌路西约20米
3101182201400440,死亡事故,2014-9-5 19:13:00,天辰路向阳河路西约5米
3101165201400090,死亡事故,2014-10-2 10:03:00,金石公路出亭枫公路南约300米
3101122201400190,伤人事故,2014-7-28 13:11:00,浦放路进鲁陈路西约1500米
3101156201400560,死亡事故,2014-12-12 18:09:00,川沙路储七路东约1米
3102213201400020,死亡事故,2014-10-1 10:35:00,杨高北一路出港华路南约100米
3101123201400190,死亡事故,2014-8-11 9:42:00,中春路顾戴路北约5米
3101170201400140,伤人事故,2014-9-22 22:52:00,泗凤公路新家园路东约1米
3101159201400310,死亡事故,2014-7-11 17:21:00,巨峰路进申江路东约10米
3101151201400370,死亡事故,2014-8-22 11:48:00,上丰路进达丰路北约100米
3101143201400120,死亡事故,2014-9-17 9:19:00,沪宜公路嘉安公路(西)南约1米
3101138201400170,死亡事故,2014-10-16 9:18:00,宝安公路东侧0km约2165米
3101157201400320,死亡事故,2014-7-23 18:10:00,海霞路进川南奉公路东约80米
3101154201400340,死亡事故,2014-8-1 9:33:00,芦五公路妙香路东约5米
3101150201400390,死亡事故,2014-9-10 15:07:00,周祝公路进南六公路西约50米
3101152201400330,死亡事故,2014-7-25 21:50:00,上海绕城高速南侧上海绕城高速龙东大道南向东下匝道前约50米
3101126201400190,死亡事故,2014-8-3 14:50:00,江月路浦星公路北约0米
3101178201400110,死亡事故,2014-8-4 18:20:00,光星路茸平路南约5米
3101179201400090,死亡事故,2014-7-12 8:14:00,叶新公路进许村公路西约500米
3101163201400060,死亡事故,2014-8-26 10:18:00,亭枫公路兴豪路东约500米
3101125201400270,死亡事故,2014-10-29 17:20:00,金都路春西路西约10米
3102235201400010,死亡事故,2014-12-3 16:07:00,富特中路新灵路北约00米
3103013201400010,伤人事故,2014-10-3 5:16:00,内环高架外侧NW0937约5米
3102301201400090,死亡事故,2014-8-15 19:30:00,港沿公路草港公路东约200米
3101140201400130,死亡事故,2014-9-22 3:00:00,京沪高速东侧1207.4km约1米
3101127201400200,伤人事故,2014-8-14 7:26:00,沪青平公路七莘路南约5米
3101122201400240,死亡事故,2014-10-4 12:40:00,虹梅南路出元江路北约150米
3101185201400480,死亡事故,2014-10-27 22:05:00,沈海高速东侧1282km约300米
3101138201400180,死亡事故,2014-10-28 7:48:00,宝杨路淞宝路路口
3102305201400090,死亡事故,2014-8-18 7:40:00,陈海公路出前竖公路北约10米
3101129201400280,伤人事故,2014-11-13 17:44:00,沪青平公路申昆路西北约10米
3101144201400100,死亡事故,2014-7-22 2:10:00,京沪高速东侧1218km约200米
3101152201400330,死亡事故,2014-7-28 10:25:00,拱极东路盐大路东约1米
3101182201400460,死亡事故,2014-10-6 9:55:00,崧泽大道外青松公路东约5米
3103014201400010,伤人事故,2014-9-11 12:01:00,中环高架内侧ZN0906约0米
3101174201400120,伤人事故,2014-8-19 20:54:00,嘉松南路泗陈公路北约10米
3101178201400130,死亡事故,2014-9-14 3:18:00,松东路进环城路北约150米
3101121201400220,伤人事故,2014-9-22 21:00:00,陈行公路浦星公路北约0米
3101162201400080,死亡事故,2014-8-31 15:50:00,金廊公路朱吕公路南约3000米
3101124201400250,死亡事故,2014-10-18 21:20:00,沈杜公路浦星公路东约0米
3101171201400100,死亡事故,2014-7-19 20:10:00,香闵路进香车路南约20米
3101165201400090,死亡事故,2014-10-7 18:42:00,漕廊公路东贤路东约10米
3101188201400370,死亡事故,2014-7-19 23:15:00,久业路出北青公路北约100米
3101150201400310,死亡事故,2014-7-16 11:39:00,妙境路进青厦路南约30米
3101153201400370,死亡事故,2014-8-25 11:12:00,上川路华东路东北约15米
3101123201400190,死亡事故,2014-8-8 11:20:00,沪闵路北松公路南约50米
3101159201400460,死亡事故,2014-10-22 8:20:00,川周公路平川路南约20米
3101019201400020,死亡事故,2014-7-25 8:10:00,打浦路进斜土路北约100米
3101140201400120,死亡事故,2014-9-5 15:09:00,双丁路德富路西约2米
3101147201400120,死亡事故,2014-8-29 23:18:00,嘉行公路新建一路北约1米
3101209201400100,死亡事故,2014-8-21 22:14:00,奉炮公路东侧2km约200米
3101040201400050,伤人事故,2014-8-12 0:12:00,宛平南路出斜土路南约200米
3101201201400090,死亡事故,2014-7-13 6:50:00,新四平公路进川南奉公路北约500米
3101142201400150,死亡事故,2014-11-12 15:50:00,金沙江西路金园一路西约1米
3101156201400320,死亡事故,2014-7-21 7:35:00,川沙路出上川路南约20米
3101158201400370,死亡事故,2014-8-26 23:42:00,申江路出锦绣东路北约200米
3101140201400100,死亡事故,2014-8-4 22:30:00,沈海高速北侧1268km约500米
3101131201400160,死亡事故,2014-9-30 5:10:00,瑞丰路进丰翔路北约400米
3101097201400030,伤人事故,2014-11-18 16:34:00,广粤路进广灵四路北约200米
3101152201400310,死亡事故,2014-7-18 14:09:00,申江南路进古丹路北约500米
3101127201400200,死亡事故,2014-8-21 19:26:00,龙吴路出北吴路北约100米
3101201201400100,死亡事故,2014-8-1 4:35:00,新四平公路进川南奉公路南约2米
3101180201400460,死亡事故,2014-9-30 22:18:00,新府中路进华志路南约1000米
3101157201400390,死亡事故,2014-9-7 11:13:00,东三里桥路南码头路东约1米
3101143201400130,死亡事故,2014-9-21 9:07:00,嘉罗公路施曹公路东约500米
3101129201400250,死亡事故,2014-10-19 13:12:00,立跃路立民路西约0米
3101148201400120,死亡事故,2014-9-5 20:05:00,嘉安公路嘉松北路西约300米
3101138201400170,死亡事故,2014-10-10 15:35:00,水产路铁山路路口
3101124201400200,伤人事故,2014-8-28 19:38:00,昆阳路出江川路北约300米
3101075201400090,死亡事故,2014-10-2 23:33:00,大渡河路怒江北路北约0米
3101205201400100,死亡事故,2014-8-15 9:40:00,上塑路进沿钱路东约800米
3101124201400240,死亡事故,2014-9-30 3:59:00,西环路进闵松路南约300米
3101152201400490,死亡事故,2014-11-8 18:30:00,同顺大道茂祥路东约5米
3101178201400090,死亡事故,2014-7-10 10:48:00,袜子弄出中山东路北约150米
3101130201400160,死亡事故,2014-9-23 23:20:00,外环高速外侧约80km
3101096201400020,伤人事故,2014-7-16 0:10:00,周家嘴路新建路西约00米
3101049201400050,死亡事故,2014-8-10 6:48:00,衡山路余庆路东约5米
3101070201400070,死亡事故,2014-8-6 17:52:00,真南路出红柳路东约50米
3102301201400110,死亡事故,2014-9-24 9:27:00,草港公路建设公路西约500米
3101014201400020,死亡事故,2014-8-25 5:20:00,中山南路会馆弄西约0米
3101170201400130,死亡事故,2014-9-13 16:50:00,山房公路东侧2km约100米
3101208201400090,死亡事故,2014-7-31 20:23:00,四平公路东侧2km约400米
3101125201400220,伤人事故,2014-9-14 13:28:00,纪翟路出北青公路北约200米
3101045201400050,死亡事故,2014-8-6 7:35:00,柳州路出宜山路北约150米
3101153201400450,死亡事故,2014-10-15 20:20:00,顾唐路上丰路东约1米
3101121201400210,伤人事故,2014-9-10 18:44:00,莲花南路向阳路北约20米
3101206201400090,死亡事故,2014-7-2 19:00:00,大叶公路东侧41km约100米
3101172201400110,死亡事故,2014-8-11 4:55:00,昆港公路进佘天昆公路南约200米
3101127201400220,死亡事故,2014-9-23 15:00:00,剑川路虹梅南路东约1米
3101159201400340,死亡事故,2014-7-31 17:38:00,高科东路顾唐路东约1米
3101180201400440,死亡事故,2014-9-5 17:45:00,漕盈公路清河湾路(南)南约5米
3101122201400220,死亡事故,2014-9-19 17:48:00,莲花南路出东川路南约500米
3101151201400310,死亡事故,2014-7-18 8:23:00,申江南路川周公路南约5米
3101138201400120,死亡事故,2014-7-9 5:14:00,沪太公路月罗公路路口
3101175201400130,死亡事故,2014-9-19 2:50:00,大叶公路进车亭公路东约2700米
3101159201400390,死亡事故,2014-9-12 19:49:00,外环高速西侧外环高速内侧长清路下匝道前约20米
3101177201400110,死亡事故,2014-8-13 3:00:00,佘北公路桃源路北约80米
3101087201400030,伤人事故,2014-8-17 19:58:00,西藏北路进南山路南约10米
3101135201400140,死亡事故,2014-8-9 5:05:00,殷高西路高境路西约1米
3101201201400140,死亡事故,2014-10-10 21:00:00,新四平公路海杰路东约200米
3101151201400500,死亡事故,2014-11-14 20:02:00,杨高北路进胶东路北约80米
3101171201400110,死亡事故,2014-8-5 6:42:00,沈海高速东侧沈海高速前约500米
3101044201400050,死亡事故,2014-8-14 23:39:00,肇嘉浜路大木桥路西约20米
3101188201400390,死亡事故,2014-8-5 7:43:00,青赵公路出曙光路北约200米
3101158201400360,死亡事故,2014-8-14 22:03:00,张杨北路航津路东约1米
3101141201400120,死亡事故,2014-9-10 6:42:00,伊宁路永盛路西约100米
3101160201400070,死亡事故,2014-8-28 15:30:00,金张公路进建乐路南约10米
3101157201400350,死亡事故,2014-8-8 9:52:00,老芦公路两港大道西北约5米
3102303201400120,死亡事故,2014-10-24 7:27:00,三沙洪路出人民路北约30米
3101146201400110,死亡事故,2014-8-24 17:51:00,嘉安公路回城西路南约10米
3101177201400100,死亡事故,2014-7-25 1:50:00,沈海高速西侧1295km约900米
3101206201400090,死亡事故,2014-7-25 4:05:00,团青公路奉村路东约2米
3101149201400130,死亡事故,2014-10-14 10:01:00,宝安公路嘉松北路西约5米
3101080201400030,伤人事故,2014-7-28 10:15:00,恒丰路天目西路北约1米
3101155201400330,死亡事故,2014-7-27 8:05:00,华夏高架路东侧BWP0280约1米
3101156201400360,死亡事故,2014-8-11 23:20:00,沪南公路上南路东约20米
3101129201400260,伤人事故,2014-10-23 22:37:00,七莘路华茂路北约100米
3101124201400260,伤人事故,2014-10-22 15:12:00,剑川路老中春路北约2米
3101178201400140,死亡事故,2014-9-23 6:50:00,文翔路进辰塔路西约300米
3101150201400350,死亡事故,2014-8-11 9:35:00,浦东北路大同路西北约10米
3101125201400190,死亡事故,2014-7-29 21:05:00,剑川路出金平路西约10米
3101158201400330,死亡事故,2014-7-28 4:25:00,老芦公路进三三公路南约100米
3101043201400060,死亡事故,2014-9-4 6:26:00,沪闵路虹梅路东北约10米
3101159201400470,死亡事故,2014-10-29 11:50:00,华东路进华夏东路北约600米
3101156201400310,死亡事故,2014-7-11 20:43:00,华夏中路金科路东约1米
3101127201400250,死亡事故,2014-10-14 10:35:00,莲花南路银都路北约300米
3101123201400190,死亡事故,2014-7-27 0:32:00,中春路进黎安路南约1000米
3101134201400150,死亡事故,2014-9-20 16:10:00,富锦路出同济路西约500米
3101153201400400,死亡事故,2014-9-14 17:25:00,沪城环路出大学城共享区道路北约200米
3101158201400390,死亡事故,2014-9-7 20:55:00,世纪大道进东方路西约100米
3101170201400140,死亡事故,2014-10-2 8:35:00,叶新公路进文工路东约50米
3101125201400220,伤人事故,2014-9-16 12:44:00,沪闵路元江路北约120米
3101171201400120,死亡事故,2014-9-2 15:05:00,张庄公路塔闵公路北约3000米
3101048201400060,死亡事故,2014-9-27 0:02:00,罗秀路进虹梅南路(西)东约60米
3101144201400140,死亡事故,2014-10-29 8:26:00,宝钱公路嘉唐公路东约2000米
3101183201400520,死亡事故,2014-12-8 14:34:00,华徐公路进盈港东路南约200米
3101157201400530,死亡事故,2014-12-2 15:40:00,申江路进高科中路北约50米
3101071201400070,伤人事故,2014-8-22 12:00:00,光复西路进大渡河路(西)东约60米
3101129201400200,伤人事故,2014-8-16 16:59:00,陈行公路苏召路西约0米
3102211201400010,伤人事故,2014-7-21 23:10:00,东海大桥进沪K11约0米
3101109201400050,死亡事故,2014-11-30 19:48:00,包头路进嫩江路北约230米
3101084201400030,伤人事故,2014-8-2 5:04:00,老沪太路进沪太路东约100米
3101185201400370,死亡事故,2014-7-22 1:50:00,沪渝高速北侧50km约600米
3101178201400110,伤人事故,2014-8-13 10:46:00,莘松路场东路西约5米
3102250201400010,死亡事故,2014-7-21 1:10:00,北进场路浦东机场北立交东约0米
3101156201400410,死亡事故,2014-9-19 9:57:00,国展路进云台路东约70米
3101172201500010,死亡事故,2015-1-9 19:20:00,沈海高速东侧1307km约400米
3101126201400210,死亡事故,2014-8-29 22:00:00,申嘉湖高速北侧34km约500米
3101067201400020,伤人事故,2014-7-5 15:10:00,余姚路延平路南约3米
3101128201400210,伤人事故,2014-9-4 20:04:00,宜山路进古美路东约60米
3101174201400130,死亡事故,2014-9-14 15:40:00,人民北路出辰花路南约150米
3101136201400140,死亡事故,2014-8-22 17:15:00,友谊路进江杨北路西约1958米
3101188201400370,死亡事故,2014-7-22 4:40:00,沪渝高速北侧50km约700米
3101127201400220,伤人事故,2014-9-12 10:28:00,北松公路进中青路东约200米
3101130201400130,死亡事故,2014-8-1 1:30:00,共康东路岭南路路口
3101154201400520,死亡事故,2014-11-22 20:44:00,金葵路出金粤路东约150米
3101134201400140,死亡事故,2014-8-14 22:10:00,双城路进宝东路西约200米
3101187201400460,死亡事故,2014-9-25 4:57:00,前云路出沪青平公路南约1600米
3101151201400510,死亡事故,2014-11-20 0:50:00,上海绕城高速外侧48.5km约20米
3101159201400420,死亡事故,2014-9-23 21:09:00,高科东路出华东路东约800米
3102305201400080,死亡事故,2014-7-23 9:20:00,向堡公路进合五公路东约400米
3101145201400090,死亡事故,2014-7-9 8:15:00,浏翔公路宝钱公路东约1米
3101175201400100,死亡事故,2014-7-31 19:20:00,沈砖公路出城隆路东约300米
3101054201400030,死亡事故,2014-8-22 11:01:00,中山西路虹桥路东北约15米
3101188201400450,死亡事故,2014-9-16 15:35:00,纪鹤公路进宝丰路东约10米
3101136201400150,死亡事故,2014-9-16 9:18:00,长江路进军工路西约50米
3101124201400290,伤人事故,2014-11-26 13:58:00,元江路龙吴路西北约0米
3101055201400030,死亡事故,2014-10-30 11:02:00,古北路延安西路西南约20米
3101124201400180,伤人事故,2014-7-27 10:42:00,林海公路东佳路南约3000米
3101135201400200,死亡事故,2014-11-22 8:15:00,虎林路进呼兰路南约200米
3101083201400040,伤人事故,2014-10-16 7:40:00,共和新路柳营路北约5米
3101079201400080,死亡事故,2014-9-19 9:45:00,凯旋北路进盘湾里西约50米
3101157201400400,死亡事故,2014-9-12 18:23:00,沪南公路进航南公路北约400米
3101019201400030,死亡事故,2014-11-21 11:00:00,金陵西路淡水路东约8米
3101126201400220,伤人事故,2014-9-15 8:20:00,三鲁公路进东方一路北约300米
3101128201400230,伤人事故,2014-9-23 18:30:00,航南路进航东路西约20米
3101126201400240,死亡事故,2014-10-8 8:25:00,古美路平南路北约0米
3101081201400030,死亡事故,2014-9-4 7:45:00,共和新路进汾西路南约10米
3101128201400290,伤人事故,2014-11-17 19:02:00,沪青平公路华翔路西北约15米
3101124201400180,死亡事故,2014-7-21 19:56:00,七莘路进中谊路南约200米
3101121201400250,伤人事故,2014-10-12 18:20:00,北松公路出中春路东约400米
3101153201400370,死亡事故,2014-8-21 10:02:00,浦东南路进洪山路东约1米
3101051201500010,死亡事故,2015-4-7 10:07:00,遵义路进天山路北约80米
3101081201400040,死亡事故,2014-10-11 8:00:00,保德路阳曲路东约1米
3101042201400070,伤人事故,2014-11-24 0:52:00,漕溪北路蒲汇塘路南约30米
3101174201400100,死亡事故,2014-7-15 11:15:00,叶兴公路出叶政路南约2KM
3101121201400260,伤人事故,2014-10-27 9:19:00,莘建东路出广贤路西约50米
3101019201400020,死亡事故,2014-9-4 11:30:00,徐家汇路顺昌路西约0米
3101170201400130,伤人事故,2014-9-11 5:40:00,古楼公路出刘五公路西约10米
3101151201400490,死亡事故,2014-11-3 23:35:00,两港大道(南北)出沪南公路南约500米
3101180201400380,死亡事故,2014-7-27 13:30:00,盈淀路进青赵公路西约80米
3101140201400130,死亡事故,2014-9-27 14:10:00,京沪高速公路（上海段）往南京方向1211KM+800M
3101127201400200,死亡事故,2014-8-18 6:03:00,中春路沪松公路西约5米
3101152201400350,死亡事故,2014-8-5 21:20:00,上海绕城高速内侧50.3km约30米
3101161201500010,死亡事故,2015-1-20 20:46:00,朱吕公路进朱平公路东约1米
3101078201400080,死亡事故,2014-9-18 9:42:00,桃浦路真光路西约2米
3101152201400410,死亡事故,2014-9-21 11:05:00,沪南公路建豪路东约20米
3101123201400300,死亡事故,2014-12-11 13:16:00,召泰路出鲁南路南约10米
3101136201400150,伤人事故,2014-9-7 13:01:00,沪太路联白路东约1米
3101041201400040,死亡事故,2014-7-6 18:28:00,虹漕路进漕宝路南约300米
3101078201400080,死亡事故,2014-8-30 17:08:00,桃浦路进双河路西约50米
3101204201400100,死亡事故,2014-8-15 11:20:00,泰青公路东侧3km约200米
3101186201400460,死亡事故,2014-9-29 8:00:00,沪青平公路出嘉松中路西约30米
3101171201400180,伤人事故,2014-12-2 14:58:00,沪松公路涞亭南路南约20米
3101100201400050,死亡事故,2014-12-15 13:10:00,军工路港水路北约1米
3101173201400090,伤人事故,2014-7-14 18:08:00,古楼公路出横港公路西约250米
3101129201400170,死亡事故,2014-7-18 15:25:00,莲花南路澄江路东约5米
3101172201400130,死亡事故,2014-9-19 10:00:00,申嘉湖高速南侧53公里km约200米
3101143201500000,死亡事故,2015-1-2 13:46:00,宝钱公路安新路南约1米
3101129201400250,伤人事故,2014-10-17 23:13:00,中春路光中路北约00米
3101184201400510,死亡事故,2014-11-20 22:30:00,陈章路出华重公路北约400米
3101067201400030,死亡事故,2014-9-4 13:44:00,长乐路襄阳北路西约7米
3101178201400110,死亡事故,2014-7-31 14:16:00,北松公路出李高路西约50米
3101133201400130,伤人事故,2014-7-28 20:12:00,沪太公路曹新公路东约1米
3101164201400090,死亡事故,2014-9-24 5:20:00,亭枫公路松金公路东约10米
3101129201400230,伤人事故,2014-9-26 18:56:00,中谊路出七莘路西约70米
3101089201400040,死亡事故,2014-10-4 9:20:00,共和新路洛川东路南约1米
3101017201400030,死亡事故,2014-10-24 8:50:00,肇嘉浜路进瑞金南路西约30米
3101134201400170,死亡事故,2014-10-14 10:39:00,城银路园康路东约1米
3101177201400140,死亡事故,2014-9-30 17:20:00,泗陈公路方泗公路北约5米
3101178201400120,伤人事故,2014-8-25 6:32:00,莘松路进场西路西约60米
3101187201400490,死亡事故,2014-11-1 5:11:00,嘉松中路华志路北约5米
3101135201400130,死亡事故,2014-8-6 6:38:00,潘泾路进宝安公路南约500米
3101181201400450,死亡事故,2014-9-13 7:10:00,新胜路出友爱路北约1000米
3101130201400130,死亡事故,2014-7-27 16:12:00,月罗公路抚远路东约1米
3101151201400370,死亡事故,2014-8-20 19:25:00,大川公路进拱为路北约500米
3101120201400210,死亡事故,2014-9-3 7:49:00,浦星公路联跃路东约0米
3101178201400100,伤人事故,2014-7-17 21:15:00,泗陈公路进横港公路西约300米
3101122201400210,死亡事故,2014-9-4 6:45:00,纪翟路北翟支路东北约5米
3101207201400140,死亡事故,2014-10-20 11:45:00,浦卫公路奉庄公路东约1米
3101011201400020,伤人事故,2014-8-20,复兴东路出大夫坊东约30米
3101092201400030,伤人事故,2014-9-12 14:10:00,宝山路海伦西路南约00米
3101148201400130,死亡事故,2014-9-25 15:10:00,城中路城中街西约1米
3101044201400060,死亡事故,2014-9-9 14:39:00,百色路龙川北路西约5米
3101101201400030,死亡事故,2014-7-23 15:30:00,国顺东路出双阳北路东约700米
3101132201400120,伤人事故,2014-7-17 8:05:00,二热一路二热五路北约15米
3101173201400140,死亡事故,2014-10-2 18:15:00,叶新公路出中南路东约300米
3101170201400110,死亡事故,2014-8-19 5:00:00,大叶公路进车亭公路东约1000米
3101179201400120,死亡事故,2014-8-28 1:56:00,沪昆高速北侧47km约0米
3101170201400100,伤人事故,2014-7-10 3:01:00,沪松公路进沪亭北路东约200米
3101152201400350,死亡事故,2014-8-11 14:00:00,港城路出浦东北路西约1000米
3101174201400120,伤人事故,2014-8-20 5:05:00,新车公路三浜路东北约10米
3101134201400160,死亡事故,2014-9-23 18:12:00,宝杨路江杨北路(东)东约1米
3101145201400160,死亡事故,2014-11-17 17:28:00,胜辛北路汇荣路北约1米
3101175201400140,死亡事故,2014-10-7 14:33:00,沪昆高速出沪方向新浜入口匝道
3101170201400190,伤人事故,2014-12-8 11:31:00,新松江路出三新北路东约500米
3102309201400090,死亡事故,2014-8-8 2:58:00,沪陕高速东侧44km约700米
3101179201400130,死亡事故,2014-9-14 23:19:00,新松江路进西林北路西约100米
3101142201400130,死亡事故,2014-10-2 6:03:00,百安公路园耀路东约1米
3101168201400090,死亡事故,2014-10-20 21:05:00,沈海高速西侧亭卫公路出口
3101148201400160,死亡事故,2014-11-17 21:15:00,京沪高速进沪1216.3km约0米
3101017201400020,伤人事故,2014-7-21 9:52:00,打浦路隧道中山南一路南约200米
3101130201400190,死亡事故,2014-11-7 15:18:00,水产路进铁力路东约100米
3101151201400450,死亡事故,2014-10-11 11:00:00,华夏中路张江路东约1米
3101175201400140,死亡事故,2014-10-2 21:44:00,长石公路进甘德公路(东)南约200米
3101177201400160,死亡事故,2014-10-27 12:45:00,车亭公路进同建公路南约500米
3101166201500010,死亡事故,2015-1-20 9:38:00,沈海高速东侧亭卫公路入口前约20米
3101078201400090,死亡事故,2014-11-20 10:20:00,真南路出真北路西约50米
3101158201400470,死亡事故,2014-10-26 22:57:00,内环高架外侧浦东内环高架内圈锦绣下匝道前约300米
3101074201400090,伤人事故,2014-10-4 6:35:00,中山北路光新路东约5米
3101044201400050,伤人事故,2014-8-19 22:38:00,漕溪北路出南丹东路约5米
3101089201400040,死亡事故,2014-11-3 14:16:00,中兴路共和新路北约1米
3101122201400290,伤人事故,2014-11-26 12:56:00,三鲁公路沈杜公路北约30米
3101047201400090,死亡事故,2014-12-26 20:01:00,桂林路进吴中路南约250米
3101094201400040,死亡事故,2014-11-26 10:42:00,瑞虹路出天镇路北约50米
3101137201400120,死亡事故,2014-7-10 20:25:00,富联路进宝安公路北约60米
3101136201400140,伤人事故,2014-8-7 14:36:00,长江西路进郁江巷路西约500米
3101171201400150,死亡事故,2014-10-18 11:14:00,泗陈公路进沪松公路西约100米
3101154201400540,死亡事故,2014-12-3 18:50:00,浦东北路航津路北约1米
3101043201400040,死亡事故,2014-7-30 15:57:00,华泾路出位育路西约50米
3101126201400250,伤人事故,2014-10-13 15:52:00,北青公路华翔路西北约5米
3101133201400200,伤人事故,2014-12-12 17:44:00,友谊路铁力路路口
3101129201400210,伤人事故,2014-9-11 20:00:00,中春路颛盛路北约30米
3101157201400370,死亡事故,2014-8-23 8:35:00,古棕路出美人蕉路西约200米
3101133201400190,伤人事故,2014-11-10 21:29:00,南大路出制革路西约10米
3101123201400220,伤人事故,2014-9-18 12:21:00,联友路出纪高路北约200米
3101120201400250,死亡事故,2014-10-14 11:35:00,吴中路合川路东约0米
3101176201400150,死亡事故,2014-10-21 19:54:00,大叶公路车亭公路东约5米
3101101201400030,死亡事故,2014-9-23 23:20:00,中原路翔殷路北约200米
3101129201400300,伤人事故,2014-12-6 6:23:00,联友路纪高路西北约3米
3101078201400060,死亡事故,2014-7-18 11:45:00,真光路出梅川路南约150米
3101152201400400,死亡事故,2014-9-15 13:36:00,卫行路出华夏西路南约360米
3101167201400100,死亡事故,2014-11-9 21:00:00,金廊公路进亭枫公路南约1000米
3102306201400110,死亡事故,2014-10-15 17:50:00,合五公路进北沿公路南约1100米
3102309201400120,死亡事故,2014-11-8 19:07:00,翠竹路进佘山岛路东约200米
3101167201400130,死亡事故,2014-12-28 19:55:00,松金公路亭枫公路东南约3米
3101175201500020,伤人事故,2015-1-13 17:04:00,昆港公路出光华路南约100米
3101152201400580,死亡事故,2014-12-23 18:20:00,川沙路迎宾高速北侧川沙路上匝道北约1米
3101177201400160,死亡事故,2014-11-3 12:28:00,叶新公路进松金公路东约800米
3101157201400560,死亡事故,2014-12-18 14:42:00,榕桥路金京路东约2米
3101176201400190,伤人事故,2014-12-6 9:08:00,昆港公路出佘天昆公路南约300米
3101070201400090,死亡事故,2014-10-16 15:22:00,曹杨路出固川路北约80米
3102234201400000,死亡事故,2014-11-11 9:55:00,华申路富特西一路东约00米
3101125201400300,伤人事故,2014-12-5 9:42:00,虹梅路出吴中路南约50米
3102218201400020,死亡事故,2014-11-3 10:08:00,东海大道进能源路西约300米
3101121201400280,伤人事故,2014-11-17 20:38:00,浦星公路永南路北约0米
3101159201500040,死亡事故,2015-1-30 8:46:00,东亭路进晚霞路南约300米
3101120201400230,死亡事故,2014-9-23 19:10:00,江川路进昆阳路西约1000米
3101159201400410,死亡事故,2014-9-20 19:56:00,杨高北路东陆路东约10米
3101127201400290,伤人事故,2014-11-30 17:10:00,江川路菱川路东约0米
3101098201400030,伤人事故,2014-10-25 11:55:00,周家嘴路进通州路东约50米
3101121201400310,伤人事故,2014-12-12 14:09:00,江川路出瑞丽路西约150米
3101154201400460,死亡事故,2014-10-23 14:20:00,锦绣路进高青路南约150米
3101121201400270,伤人事故,2014-10-29 18:48:00,三鲁公路东方一路北约10米
3101209201400190,死亡事故,2014-12-3 19:31:00,叶庄公路东侧1km约200米
3101152201500030,死亡事故,2015-1-28 17:25:00,川桥路金港路东约1米
3101171201500010,伤人事故,2015-1-2 14:15:00,玉树路出松汇西路南约100米
3101149201400160,死亡事故,2014-11-22 17:25:00,博园路联西路东约1米
3101142201400150,死亡事故,2014-11-17 19:00:00,金昌西路嘉松北路北约2米
3101173201500000,伤人事故,2015-1-6 22:22:00,上海绕城高速西侧129.2km约20米
3101205201500000,死亡事故,2015-1-8 7:44:00,环城南路环城西路东约1米
3101175201500010,伤人事故,2015-1-13 7:46:00,沪松公路张泾路东约1米
3102305201500000,死亡事故,2015-1-9 8:15:00,三双公路出利民路北约200米
3101171201400190,死亡事故,2014-12-10 7:53:00,九泾路进涞寅路北约3米
3101159201500060,死亡事故,2015-2-24 22:25:00,杨高中路进金新路西约10米
3101128201400270,伤人事故,2014-10-29 18:36:00,兰竹路出青杉路北约100米
3101179201400130,死亡事故,2014-9-18 18:34:00,人民北路进思贤路南约100米
3102268201400000,死亡事故,2014-10-7 17:29:00,目华路出北河路北约37米
3101158201400480,死亡事故,2014-11-3 16:10:00,沪南公路沉香村
3101203201400110,死亡事故,2014-9-7 6:25:00,望园路进航南公路北约1000米
3101145201400140,死亡事故,2014-11-3 17:14:00,娄陆公路嘉唐公路东约1000米
3101207201400170,死亡事故,2014-10-18 16:50:00,海湾路南海公路东约2米
3102306201400140,死亡事故,2014-12-8 9:05:00,港沿公路出草港公路北约500米
3101172201500020,伤人事故,2015-1-8 7:18:00,莘砖公路出九新公路东约120米
3101120201400290,死亡事故,2014-11-24 19:05:00,虹梅南路出金都路北约300米
3101129201500010,死亡事故,2015-1-14 4:06:00,吴中路进虹梅路西约150米
3101170201400170,死亡事故,2014-11-5 8:20:00,昆港公路港兴路东约10米
3101150201400470,死亡事故,2014-10-26 15:15:00,老芦公路进同顺大道北约1000米
3101179201500020,伤人事故,2015-1-14 19:50:00,松东路出环城路北约200米
3101170201500030,伤人事故,2015-1-23 21:10:00,龙源路进文汇路北约800米
3101128201500030,死亡事故,2015-3-2 9:46:00,东川路天星路西约0米
3101043201400070,死亡事故,2014-11-11 12:26:00,田东路出漕东支路东约150米
3101203201400180,死亡事故,2014-12-2 20:15:00,团青公路北唐路东约1米
3101054201500000,死亡事故,2015-1-17 22:05:00,虹桥路出中山西路东约250米
3101130201400210,伤人事故,2014-12-14 8:55:00,水产路进牡丹江路西约100米
3101154201400430,死亡事故,2014-10-3 9:15:00,周祝公路进南祝路(西)西约1000米
3101127201400280,伤人事故,2014-11-9 13:29:00,三鲁公路联航路北约0米
3101139201400170,死亡事故,2014-10-10 8:53:00,月春路进月罗路南约100米
3101131201400140,死亡事故,2014-8-15 7:28:00,江杨北路东侧0km约98米
3101054201400030,死亡事故,2014-11-19 1:39:00,外环高速东侧71.5km前约0米
3101187201400510,死亡事故,2014-11-23 11:39:00,崧泽大道诸光路东南约5米
3101120201500010,伤人事故,2015-1-25 17:03:00,北青公路华翔路西南约15米
3101125201400230,伤人事故,2014-9-28 7:20:00,浦星公路进鲁南路北约500米
3101123201500040,伤人事故,2015-3-20 7:35:00,沧源路进景谷东路北约150米
3101162201400130,死亡事故,2014-12-18 10:42:00,漕廊公路进秦弯路东约1000米
3101051201400040,死亡事故,2014-12-4 17:41:00,虹桥路出凯旋路西约20米
3101201201400160,死亡事故,2014-11-14 11:06:00,平庄西路六墩村中心路东约1米
3101130201400180,死亡事故,2014-10-26 7:15:00,朗枫路沪太路东约1米
3101154201400530,死亡事故,2014-11-30 17:50:00,沪南公路沉香村
3101207201400110,死亡事故,2014-9-8 22:00:00,浦卫公路进科工路北约200米
3101150201400430,死亡事故,2014-10-2 22:49:00,秀沿路进康新公路东约150米
3102308201400130,死亡事故,2014-11-23 9:25:00,北陈公路出陈彷公路北约1000米
3101129201400240,伤人事故,2014-9-29 21:44:00,元江路莲花南路西约0米
3101129201500010,伤人事故,2015-1-20 19:32:00,浦星公路沈杜公路北约0米
3101124201400260,伤人事故,2014-10-23 10:10:00,浦星公路进联航路北约150米
3101153201500000,死亡事故,2015-1-1 4:17:00,东川公路金海路东约2米
3101122201400310,伤人事故,2014-12-15 15:55:00,吴中路进吴宝路东约5米
3101205201400190,死亡事故,2014-12-14 17:30:00,奉柘公路进钦林南路东约100米
3101143201400170,死亡事故,2014-12-16 18:32:00,伊宁路环南四路(南)西约100米
3101204201400200,死亡事故,2014-12-29 8:05:00,胡桥新街进浦卫公路东约150米
3101183201500010,死亡事故,2015-1-14 17:37:00,漕盈公路清河湾路(南)南约10米
3101209201400160,死亡事故,2014-11-8 10:30:00,浦卫公路光明中心路西约300米
3101153201400430,死亡事故,2014-10-2 20:30:00,沔北路孙桥路西约1000米
3101154201400570,死亡事故,2014-12-21 17:50:00,川沙路进川图路北约2米
3101178201500040,伤人事故,2015-1-24 12:27:00,辰花公路龙源路北约10米
3101156201400410,死亡事故,2014-9-22 16:15:00,南芦公路出马五公路西约400米
3101127201400270,伤人事故,2014-10-28 13:00:00,剑川路进沧源路东约300米
3101062201400040,死亡事故,2014-10-14 10:02:00,新闸路石门二路西约2米
3101142201400150,死亡事故,2014-11-10 14:43:00,嘉新公路宝安公路东约1米
3101202201400200,死亡事故,2014-12-25 7:00:00,浦星公路进奉柘公路西约100米
3101139201400220,财产损失事故,2014-12-29 7:30:00,沪太路行知路东约1米
3101137201400190,死亡事故,2014-11-1 20:53:00,宝杨路通达路东约1米
3101017201400020,死亡事故,2014-9-25 22:45:00,金陵中路进普安路东约70米
3101090201400030,死亡事故,2014-11-23 15:52:00,奎照路进凉城路西约100米
3101146201400150,死亡事故,2014-11-4 5:30:00,外环高速东侧75.6km约1米
3101157201400470,死亡事故,2014-10-26 15:12:00,金沪路新金桥路东约10米
3101148201400160,死亡事故,2014-11-30 10:58:00,曹安公路万镇路西约200米
3101205201400110,死亡事故,2014-9-9 5:33:00,大叶公路东侧25km约100米
3101157201400450,死亡事故,2014-10-14 9:34:00,外环高速外侧18km约50米
3101132201400160,死亡事故,2014-10-5 13:55:00,江杨南路进长江西路南约1377米
3101096201400030,死亡事故,2014-11-18 10:11:00,四川北路海宁路西约00米
3101157201400550,死亡事故,2014-12-10 10:55:00,东川公路凌白公路东约1米
3101175201400190,死亡事故,2014-12-9 15:55:00,广富林路辰塔路西南约15米
3101065201400040,死亡事故,2014-11-1 14:45:00,武宁南路康定路南约8米
3101121201400280,死亡事故,2014-11-14 2:50:00,申嘉湖高速西侧33km约300米
3101134201400220,伤人事故,2014-12-29 17:18:00,牡丹江路盘古路路口
3101153201500010,死亡事故,2015-1-8 10:50:00,世博大道进白莲泾路南约10米
3101153201500010,死亡事故,2015-1-3 15:16:00,新环东路进牌楼东路东约150米
3101017201400030,死亡事故,2014-9-27 10:35:00,鲁班路斜土路北约0米
3101177201400170,死亡事故,2014-11-21 12:50:00,沪昆高速西侧沪昆高速枫泾收费站广场前约100米
3101088201500000,伤人事故,2015-1-13 19:22:00,共和新路出大宁路北约500米
3101148201400150,死亡事故,2014-11-13 19:05:00,胜竹路永新路东约0米
3101208201400200,死亡事故,2014-12-27 17:30:00,航南公路出泰西路西约5米
3101204201400200,死亡事故,2014-12-27 7:10:00,浦星公路东侧30km约100米
3101054201400030,死亡事故,2014-11-14 10:48:00,古北路出长宁路南约10米
3101103201400060,死亡事故,2014-11-18 14:10:00,嫩江路出中原路西约150米
3101131201400220,财产损失事故,2014-12-29 23:28:00,樟岭路盘古路东约0米
3101209201400150,死亡事故,2014-11-2 18:46:00,扶港路进大叶公路北约100米
3101161201400100,死亡事故,2014-11-10 8:10:00,亭卫公路进大慈路南约200米
3101166201400130,死亡事故,2014-12-11 17:42:00,其他路蔷薇村
3101089201400040,死亡事故,2014-11-7 11:07:00,沪太路出华阴路北约60米
3101145201400160,死亡事故,2014-11-21 17:55:00,徐潘路出劳动路东约300米
3102219201400020,伤人事故,2014-11-14 9:17:00,港建路申东路口
3101145201400170,伤人事故,2014-12-14 6:00:00,博园路新黄路西约10米
3101045201400080,死亡事故,2014-12-19 12:18:00,冠生园路出桂林路东约100米
3101129201500000,死亡事故,2015-1-3 6:30:00,华宁路出北松公路南约300米
3101174201400200,死亡事故,2014-12-26 22:50:00,车亭公路出叶新公路北约1000米
3101152201400400,死亡事故,2014-9-15 14:20:00,南六公路出宣春路南约500米
3101136201400200,死亡事故,2014-12-12 22:46:00,长江路长江南路西约30米
3101094201400030,死亡事故,2014-11-8 8:40:00,四川北路邢家桥南路北约20米
3101170201400140,死亡事故,2014-10-7 17:06:00,卖新公路马明路西北约10米
3101170201400200,伤人事故,2014-12-20 9:43:00,泗砖路出长施公路南约70米
3101150201400440,死亡事故,2014-10-5 21:45:00,沪城环路出橄榄路南约200米
3101157201400480,死亡事故,2014-11-2 18:40:00,沪南公路出沈庄路南约100米
3101136201400220,财产损失事故,2014-12-29 15:00:00,江杨北路进富锦路北约20米
3101172201400160,伤人事故,2014-10-24 7:37:00,辰花路出沪松公路西约10米
3102239201400000,伤人事故,2014-10-28 8:33:00,富特中路出新灵路北约50米
3101144201400180,死亡事故,2014-12-24 21:18:00,沈石路进宝安公路西约100米
3101178201500030,伤人事故,2015-1-19 15:45:00,荣乐东路出联阳路东约20米
3101124201400250,伤人事故,2014-10-13 11:11:00,中春路北松公路南约200米
3101125201400260,死亡事故,2014-10-24 20:15:00,沪闵路莘建路西约0米
3101179201400160,死亡事故,2014-10-28 8:45:00,北松公路进香泾路东约10米
3102303201500000,死亡事故,2015-1-10 18:00:00,北沿公路进小洋公路东约1500米
3101182201400550,死亡事故,2014-12-22 16:55:00,练西公路进沪青平公路南约1000米
3101140201500000,死亡事故,2015-1-1 23:35:00,临洮路靖远路东约1米
3101129201500020,死亡事故,2015-2-24 16:22:00,北翟路南华街西北约15米
3101167201400100,死亡事故,2014-10-24 20:32:00,金廊公路进朱吕公路北约200米
3101172201500000,死亡事故,2015-1-2 6:08:00,沪松路进繁华路南约50米
3101124201500000,死亡事故,2015-1-1 19:30:00,吴中路进桂林北路西约200米
3101136201400160,死亡事故,2014-10-9 13:19:00,洛场路进场联路西约100米
3101186201500060,伤人事故,2015-3-11 8:45:00,沪青平公路进前云路南约200米
3101146201500030,死亡事故,2015-3-26 8:43:00,柳湖路树屏路东约1米
3101183201500020,死亡事故,2015-2-2 7:20:00,沪青平公路蟠龙路西北约5米
3101173201500100,伤人事故,2015-4-16 19:48:00,方塔北路美能达路北约20米
3101175201500000,死亡事故,2015-1-5 19:15:00,姚北公路出沪亭南路东约20米
3101186201500010,死亡事故,2015-1-24 14:23:00,练西公路进老朱枫公路西约600米
3101144201400170,死亡事故,2014-12-11 19:55:00,胜辛南路进宝安公路东约300米
3101153201500030,死亡事故,2015-1-22 12:56:00,沪南公路观海路东约1米
3101122201500000,死亡事故,2015-1-7 22:30:00,北翟路七莘路东南约12米
3101179201500010,伤人事故,2015-1-1 11:33:00,泗凤公路刘五公路东约5米
3101151201500070,死亡事故,2015-3-3 14:24:00,顾高公路出陈邵路西约350米
3101155201400510,死亡事故,2014-11-17 20:41:00,张杨北路外环高速外侧张杨北路上匝道西约5米
3101153201400490,死亡事故,2014-11-6 11:07:00,昌里路洪山路东约1米
3101091201400030,死亡事故,2014-10-29 17:00:00,东长治路进高阳路西约100米
3101016201400030,死亡事故,2014-11-10 18:10:00,人民路新开河路北约0米
3101075201400100,死亡事故,2014-12-26 20:28:00,曹杨路进宁夏路北约50米
3101143201500020,死亡事故,2015-2-22 23:50:00,沪宜公路永盛路西约5米
3101138201400150,死亡事故,2014-9-21 7:43:00,江杨北路出友谊路南约200米
3101179201500010,伤人事故,2015-1-4 1:05:00,上海绕城高速东侧139km约900米
3101156201400570,死亡事故,2014-12-19 12:25:00,人民西路进大川公路西约800米
3101162201400140,死亡事故,2014-12-30 14:40:00,金石南路进漕廊公路北约1000米
3101096201500000,伤人事故,2015-1-18 12:50:00,临平路瑞虹路东约0米
3101147201400180,死亡事故,2014-12-27 9:20:00,博乐南路嘉罗公路东约1米
3101142201500010,死亡事故,2015-2-7 1:18:00,叶城路出永盛路西约50米
3101135201400170,死亡事故,2014-10-12 16:26:00,罗北路进罗溪路东约389米
3101157201400550,死亡事故,2014-12-8 21:20:00,外环高速外侧22km约10米
3101131201400200,死亡事故,2014-12-7 12:50:00,泰和路进同济路西约20米
3101123201400270,伤人事故,2014-10-29 13:35:00,联友路进鸣嘉路北约300米
3101124201400260,死亡事故,2014-10-24 10:15:00,沧源路进剑川路南约300米
3101178201500020,伤人事故,2015-1-13 11:45:00,昆港公路进平原街南约50米
3101121201400310,伤人事故,2014-12-12 8:50:00,春申路出虹梅南路东约200米
3103014201400010,伤人事故,2014-9-15 7:20:00,卢浦大桥西侧LDX-048约0米
3101174201400150,伤人事故,2014-10-24 17:37:00,广富林东路中创路南约15米
3101152201400520,死亡事故,2014-11-22 10:30:00,南六公路朱明连路西约1米
3101059201400030,死亡事故,2014-11-25 6:03:00,仙霞西路平塘路东约5米
3101153201400530,死亡事故,2014-12-4 6:09:00,高桥江东路出凌海路北约150米
3101172201500040,死亡事故,2015-2-12 5:55:00,荣乐西路出玉树路东约500米
3101120201400240,死亡事故,2014-10-10 9:40:00,昆阳路剑川路北约200米
3101157201400400,死亡事故,2014-9-16 10:48:00,罗山路博山路西北约5米
3101168201500000,死亡事故,2015-1-7 7:45:00,松卫南路进漕廊公路南约20米
3101140201400180,死亡事故,2014-12-22 6:40:00,沪宜公路进世盛路西约10米
3101155201400510,死亡事故,2014-11-20 23:20:00,五洲大道南侧杨高北路上匝道
3101154201400430,死亡事故,2014-9-29 10:23:00,新元南路两港大道东约5米
3101150201500030,死亡事故,2015-1-24 10:10:00,康桥东路康新公路北约20米
3101154201400580,死亡事故,2014-12-25 11:40:00,外环高速外侧13.3km约1米
3101139201500050,伤人事故,2015-3-20 22:20:00,沪太路纬地路东约1米
3101132201400200,死亡事故,2014-11-19 9:52:00,金石路沪太路路口
3101147201500000,死亡事故,2015-1-14 17:30:00,嘉行公路进施钱路南约1000米
3101206201400170,死亡事故,2014-11-24 15:40:00,林海公路进上塑路北约100米
3101148201400180,死亡事故,2014-12-28 17:36:00,徐曹路开源路东约20米
3101133201500040,伤人事故,2015-3-3 15:20:00,铁山路进水产路南约900米
3101156201400500,死亡事故,2014-11-10 23:50:00,华夏西路进康杉路西约80米
3101139201400190,死亡事故,2014-11-8 18:33:00,其他路洋桥村沈家宅
3101141201500010,死亡事故,2015-2-4 14:45:00,沪嘉高速东侧23公里km约800米
3101176201500000,死亡事故,2015-1-1 17:38:00,大叶公路出车亭公路东约850米
3101179201500020,伤人事故,2015-1-18 12:23:00,松卫北路进塔闵公路北约80米
3101154201400450,死亡事故,2014-10-14 0:43:00,上海绕城高速外侧54.6km约10米
3101122201400260,死亡事故,2014-10-25 4:57:00,七莘路中谊路西约0米
3101156201400530,死亡事故,2014-11-29 15:17:00,金海路顾唐路东约2米
3101139201400220,伤人事故,2014-12-29 16:30:00,长江南路进淞塘路东约200米
3101138201400220,伤人事故,2014-12-29 20:50:00,淞宝路淞青路西约0米
3101145201400180,死亡事故,2014-12-25 16:45:00,宝安公路宝中路东约1米
3101171201500010,伤人事故,2015-1-14 0:05:00,南乐路出新车公路西约200米
3101132201400230,死亡事故,2014-12-31 5:21:00,金石路潘泾路路口
3101182201500020,死亡事故,2015-1-26 10:15:00,华重公路进嘉松中路西约100米
3101055201400040,死亡事故,2014-12-27 20:06:00,长宁路中山西路南约5米
3101072201400090,死亡事故,2014-10-30 20:38:00,交通路进中山北路西约100米
3101137201400180,死亡事故,2014-10-24 21:25:00,沪太公路曹新公路路口
3101150201500020,死亡事故,2015-1-15 16:42:00,高木桥路进孙环路东约1米
3101174201500040,伤人事故,2015-1-24 14:57:00,叶家公路出沪松公路东约100米
3101157201400530,死亡事故,2014-11-30 11:40:00,老芦公路出塘北路北约500米
3101126201400260,伤人事故,2014-10-26 9:45:00,立跃路万芳路东约10米
3101178201400180,死亡事故,2014-11-21 20:15:00,莘松路出场西路东约300米
3101205201400110,死亡事故,2014-9-17 11:10:00,平庄东路沿钱公路东约3米
3101202201400130,死亡事故,2014-10-4 14:10:00,平庄东路奉柘公路西约200米
3101051201400030,死亡事故,2014-10-29 18:09:00,华山路出江苏路南约200米
3101131201400200,死亡事故,2014-12-1 14:07:00,外环高速内侧85km约100米
3101141201400180,死亡事故,2014-12-24 20:45:00,北大街进温宿路北约500米
3101159201400550,死亡事故,2014-12-12 6:12:00,东川公路金海路东南约15米
3102303201400150,死亡事故,2014-12-26 6:00:00,团城公路进新申公路东约300米
3102301201400110,伤人事故,2014-10-6 19:10:00,陈海公路堡镇北路南约15米
3101158201400460,死亡事故,2014-10-18 16:25:00,川南奉公路出下盐路北约400米
3101151201400520,死亡事故,2014-11-26 15:42:00,其他路康桥镇锦绣华都小区
3101154201500000,死亡事故,2015-1-1 3:05:00,华夏东路出凌空路东约150米
3101184201400530,死亡事故,2014-12-13 2:14:00,华青南路出沪青平公路北约300米
3101178201500020,伤人事故,2015-1-14 16:58:00,荣乐东路东兴路南约10米
3101173201500050,死亡事故,2015-3-16 7:14:00,荣乐东路松卫北路东南约15米
3101139201400170,伤人事故,2014-10-19 16:00:00,水产路进同泰北路西约200米
3101148201400140,死亡事故,2014-10-31 2:50:00,沈海高速东侧1271.3km约1米
3101154201400520,死亡事故,2014-11-21 22:09:00,外环高速内侧14km约700米
3101158201500030,死亡事故,2015-1-27 21:00:00,申嘉湖高速南侧27.3km约30米
3101122201500000,死亡事故,2015-1-7 21:00:00,沪闵路灯辉路北约50米
3101013201400020,伤人事故,2014-9-11 16:05:00,南京东路西藏中路南约0米
3101153201400420,死亡事故,2014-9-24 23:10:00,申嘉湖高速南侧22.8km约50米
3101135201400190,死亡事故,2014-11-14 11:14:00,新川沙路潘泾路东约1米
3101136201400190,死亡事故,2014-11-5 11:36:00,平遥路沪太路东约1米
3101173201500020,伤人事故,2015-1-13 18:30:00,广富林东路出中凯路西约100米
3101175201400200,伤人事故,2014-12-30 14:50:00,沪松公路广富林路东北约15米
3101170201400190,伤人事故,2014-12-9 6:24:00,古楼公路出嘉松南路东约50米
3101158201500010,死亡事故,2015-1-6 18:02:00,川沙路进民春路南约400米
3101141201400170,死亡事故,2014-12-13 7:55:00,丰华公路丰庄西路西约300米
3101081201400040,伤人事故,2014-9-26 5:35:00,共和新路永和路北约1米
3101188201500010,死亡事故,2015-1-17 1:55:00,沪渝高速南侧25km约600米
3101201201400180,死亡事故,2014-11-30 20:37:00,大叶公路东侧30km约100米
3101150201400580,死亡事故,2014-12-24 13:42:00,高科东路齐爱路东约1米
3101173201400170,死亡事故,2014-11-8 6:00:00,青昆公路出青天路南约50米
3101127201400250,死亡事故,2014-10-19 23:49:00,纪翟路朱建路东南约10米
3101073201500000,死亡事故,2015-1-15 0:45:00,真南路水厂路东约0米
3101209201400190,死亡事故,2014-12-18 18:20:00,航塘公路进南奉公路南约700米
3101185201400520,死亡事故,2014-12-5 5:30:00,白石公路老白石公路南约10米
3101153201400560,死亡事故,2014-12-20 10:50:00,老芦公路港北路口
3101140201400150,死亡事故,2014-11-8 17:15:00,墨玉路进昌吉路北约150米
3101154201400440,死亡事故,2014-10-9 20:09:00,港城路出江泉路东约10米
3101163201400120,死亡事故,2014-12-1 9:35:00,亭卫公路红旗东路东约1米
3101157201400460,死亡事故,2014-10-19 22:23:00,浦星公路出红临路北约300米
3101147201400150,死亡事故,2014-11-4 22:28:00,外环高速外侧75.7km约1米
3101129201500050,伤人事故,2015-3-29 22:47:00,漕宝路莲花路西约5米
3101132201500020,伤人事故,2015-1-19 8:25:00,沪太公路顾太路路口
3101138201400140,死亡事故,2014-8-27 6:32:00,江杨南路呼兰路东约1米
3101170201400210,死亡事故,2014-12-15 15:43:00,松卫北路进泖亭路北约10米
3101174201400180,死亡事故,2014-12-1 23:34:00,长兴路进沪松公路东约20米
3101154201500010,死亡事故,2015-1-8 20:30:00,济阳路进三航路北约500米
3101159201500110,死亡事故,2015-4-1 21:55:00,外环高速东侧30km约1米
3101127201500010,伤人事故,2015-1-27 22:30:00,景谷路华宁路东约0米
3101179201500010,伤人事故,2015-1-13 7:05:00,荣乐东路出方塔北路东约100米
3101148201400170,死亡事故,2014-12-15 16:34:00,银翔路槎溪路东约1米
3101090201400030,死亡事故,2014-11-22 18:50:00,霍山路大连路南约00米
3101189201500010,死亡事故,2015-1-16 14:00:00,沈太路进沈砖公路南约4000米
3101129201500000,死亡事故,2015-1-8 7:25:00,虹梅南路进澄江路南约500米
3102306201400120,死亡事故,2014-11-1 17:40:00,北沿公路进港沿公路东约1000米
3101154201400520,死亡事故,2014-11-23 9:15:00,大治河路进英墩路西约800米
3101094201400040,死亡事故,2014-12-13 1:07:00,汶水东路出逸仙路西约100米
3101148201400160,死亡事故,2014-12-4 4:10:00,泽普路进墨玉路西约200米
3101127201400290,死亡事故,2014-11-24 18:52:00,银春路沪闵路西约600米
3101169201400120,死亡事故,2014-12-2 6:29:00,漕廊公路进张溪路东约1米
3102302201400120,死亡事故,2014-11-8 7:00:00,其他路港沿镇惠中村
3101205201400160,死亡事故,2014-11-5 7:12:00,环城南路通阳路东约1米
3101158201500080,死亡事故,2015-3-17 9:08:00,高桥江东路进草高公路西约150米
3101176201400190,死亡事故,2014-12-10 13:27:00,沈海高速西侧1314km约47米
3101134201400210,财产损失事故,2014-12-26 8:10:00,泰和路同济路路口东侧约200米处
3101180201400500,死亡事故,2014-11-20 21:30:00,崧泽大道赵重公路北约5米
3101134201400210,死亡事故,2014-12-29 13:58:00,联杨路进长联路南约100米
3101148201400150,死亡事故,2014-11-14 6:47:00,恒飞路百安公路西约500米
3101157201400530,死亡事故,2014-11-30 22:30:00,世纪大道出商城路东约33米
3101149201400170,伤人事故,2014-12-20 17:39:00,宝钱公路嘉唐公路东约500米
3101159201400560,死亡事故,2014-12-20 5:50:00,三宣公路进南团公路西约2000米
3101131201400190,伤人事故,2014-11-14 7:20:00,宝安公路进菊泉街东约50米
3101177201500020,伤人事故,2015-1-11 16:10:00,洞薛路进洞薛路洞西路东约2米
3101137201500030,死亡事故,2015-2-7 12:13:00,军工路出淞军路西约300米
3101142201400130,死亡事故,2014-9-23 16:55:00,和静路22弄7号门前东西向小路
3101179201400190,伤人事故,2014-12-4 5:30:00,易富路进九新公路西约200米
3101138201400220,财产损失事故,2014-12-30 9:40:00,沪太公路石太路东约10米
3101186201500030,死亡事故,2015-2-5 19:58:00,沈海高速西侧1282km约700米
3101155201500060,死亡事故,2015-2-12 9:43:00,康新公路周邓公路东约10米
3101153201500040,死亡事故,2015-1-30 13:04:00,华夏中路罗山路东约30米
3101200201500020,死亡事故,2015-2-23 13:10:00,团青公路奉村路东约1米
3101128201500050,死亡事故,2015-3-30 11:40:00,虹梅南路外环高速东约0米
3101129201500040,伤人事故,2015-3-23 6:30:00,立跃路浦秀路北约0米
3101101201500000,死亡事故,2015-1-7 17:40:00,中山北二路四平路东约5米
3101201201500020,死亡事故,2015-2-15 6:03:00,港文路海杰路东约100米
3101155201500140,死亡事故,2015-4-25 11:40:00,高桥江东路出凌江路南约200米
3101094201500000,伤人事故,2015-2-28 6:11:00,周家嘴路出通州路东约20米
3101155201500070,死亡事故,2015-3-1 19:15:00,花木路出锦绣路东约30米
3101151201500040,死亡事故,2015-1-29 22:30:00,南团公路出南芦公路北约500米
3101201201500030,死亡事故,2015-3-11 9:20:00,奉柘公路进沪杭公路东约1000米
3101123201500010,伤人事故,2015-1-26 13:43:00,立跃路浦秀路西约0米
3101134201400150,死亡事故,2014-9-15 6:00:00,泰和路江杨北路东约1米
3101156201500110,死亡事故,2015-4-7 8:05:00,沪芦高速南侧60.9km约50米
3101179201500110,财产损失事故,2015-4-29 16:39:00,民益路新效路西约2米
3101158201500020,死亡事故,2015-1-16 20:43:00,沪芦高速临港服务区北侧加油站
3101041201500010,死亡事故,2015-4-12 18:30:00,中山南二路出天钥桥路西约200米
3101121201500050,伤人事故,2015-3-23 18:10:00,北青公路进金光路西约800米
3101137201500040,伤人事故,2015-2-28 13:00:00,石太路钱陆路东约1米
3101175201500070,伤人事故,2015-4-1 19:39:00,泗砖南路进长兴东路南约400米
3101132201500030,伤人事故,2015-2-10 14:10:00,祁连山路丰翔路北约0米
3101140201500040,死亡事故,2015-4-14 13:30:00,上海绕城高速东侧173km约800米
3101153201500090,死亡事故,2015-3-22 18:53:00,高桥江东路出凌高路南约80米
3101179201500050,伤人事故,2015-3-1 13:30:00,千新公路出九江公路北约2米
3101157201500110,死亡事故,2015-4-1 20:14:00,世纪大道进商城路西约10米
3101120201500060,伤人事故,2015-4-22 15:10:00,华翔路进天山西路北约60米
3101131201500010,伤人事故,2015-1-15 22:02:00,泉临路长临路东约1米
3101157201500120,死亡事故,2015-4-12 11:15:00,南芦公路188弄158号上海成农饲料厂东门口
3101086201500010,死亡事故,2015-3-21 13:41:00,长临路共康路东约5米
3101176201500100,伤人事故,2015-4-19 21:56:00,九新公路进中心路南约20米
3101180201500050,死亡事故,2015-3-1 20:25:00,练西公路进老朱枫公路西约300米
3101182201500060,死亡事故,2015-3-12 20:17:00,华青北路天辰路南约10米
3101150201500100,死亡事故,2015-3-27 14:35:00,上南路外环高速东约5米
3101079201500020,死亡事故,2015-2-28 5:19:00,武宁路大渡河路东南约10米
3101090201500010,伤人事故,2015-4-17 22:01:00,海伦西路进四川北路西约100米
3101123201500040,伤人事故,2015-3-18 14:16:00,剑川路龙吴路西北约5米
3101139201500030,死亡事故,2015-2-7 14:35:00,外环隧道内侧1km约500米
3101125201500030,伤人事故,2015-3-14 20:52:00,虹梅南路出莘朱路南约30米
3101174201500080,死亡事故,2015-4-3 21:45:00,新松江路出辰塔路西约25米
3101141201500020,死亡事故,2015-2-14 16:20:00,思义路浏翔公路西南约5米
3101158201500060,死亡事故,2015-2-25 9:25:00,申港大道环湖西三路东约5米
3101177201500030,伤人事故,2015-1-23 12:32:00,泖亭路荣福路东南约10米
3101088201500010,伤人事故,2015-2-16 19:00:00,中兴路大统路东约3米
3101083201400040,伤人事故,2014-12-24 20:05:00,宝山路出西华路北约5米
3101134201500090,伤人事故,2015-4-26 11:50:00,罗北路钱陆路东约1米
3101176201500060,财产损失事故,2015-3-23 11:45:00,叶新公路张米公路西南约2米
3101158201500110,死亡事故,2015-4-6 7:41:00,浦明路出塘桥新路北约200米
3101120201500040,伤人事故,2015-3-18 22:06:00,三鲁公路江文路北约100米
3101134201500060,伤人事故,2015-4-1 7:15:00,南大路南陈路东约200米
3101124201500040,伤人事故,2015-3-20 5:45:00,光中路中春路南约1米
3101142201500020,死亡事故,2015-3-6 16:50:00,刘石路进大治路北约300米
3101176201500070,伤人事故,2015-3-30 12:32:00,刘五公路古楼公路北约15米
3101121201500040,死亡事故,2015-3-18 5:22:00,沪闵路金都路东约00米
3103017201500000,财产损失事故,2015-4-28 22:50:00,中环高架外侧ZW0076约0米
3101171201500070,伤人事故,2015-3-16 18:34:00,梅家浜路进谷阳北路东约200米
3101153201500040,死亡事故,2015-2-3 10:06:00,高科中路芳春路南约1米
3101170201500050,伤人事故,2015-3-12 19:20:00,松卫北路塔闵公路西北约5米
3101202201400190,死亡事故,2014-12-8 16:30:00,金闸公路南侧1km前约100米
3101204201400200,伤人事故,2014-12-20 23:23:00,南奉公路进上海绕城高速内侧奉城上匝道东约100米
3101159201500060,死亡事故,2015-2-12 9:20:00,洲海路华东路东约1米
3101146201500040,死亡事故,2015-4-6 18:45:00,塔城路梅园路西约150米
3101200201400200,死亡事故,2014-12-30 3:45:00,环城西路进西闸公路西约500米
3102307201400150,死亡事故,2014-12-25 11:57:00,乔松路出绿海路东约100米
3101150201500020,死亡事故,2015-1-14 4:40:00,川桥路出金豫路西约100米
3101132201500080,伤人事故,2015-4-16 13:30:00,沪太路朗枫路北约500米
3101177201500040,死亡事故,2015-2-8 23:00:00,松蒸公路进彭丰路西约20米
3101156201500130,死亡事故,2015-4-22 1:19:00,施新路施湾三路东约1米
3101185201500030,死亡事故,2015-2-2 19:20:00,外青松公路崧泽大道北约5米
3101142201500040,死亡事故,2015-4-2 10:16:00,百安公路进宝钱公路南约500米
3101133201400220,财产损失事故,2014-12-29 20:00:00,上海绕城高速内侧208km约500米
3101151201500000,死亡事故,2015-1-3 13:41:00,杨高北路秋霞路东约1米
3101159201500080,死亡事故,2015-3-11 19:12:00,杨高北路草高支路东约1米
3101201201500050,死亡事故,2015-4-15 6:33:00,奉柘公路金海公路东约2米
3101132201500030,财产损失事故,2015-2-10 20:30:00,牡丹江路出海江三路北约20米
3101155201500150,死亡事故,2015-4-29 15:00:00,张杨北路衡安路东约1米
3101077201500020,死亡事故,2015-3-9 1:36:00,岚皋路岚皋西路北约0米
3101179201500050,伤人事故,2015-3-5 13:35:00,荣乐西路三新路东约2米
3101084201500020,死亡事故,2015-4-13 10:10:00,中山北路出共和新路西约150米
3101041201500000,死亡事故,2015-1-28 13:30:00,番禺路秀山路南约5米
3101154201500110,死亡事故,2015-4-4 14:15:00,杨高南路进浦建路南约100米
3101174201500050,伤人事故,2015-3-11 20:45:00,叶新公路出松金公路东约100米
3101137201500040,伤人事故,2015-2-26 7:45:00,真华路出华灵路南约60米
3101137201500040,伤人事故,2015-3-2 3:30:00,沪翔高速内侧21km约200米
3101137201500010,财产损失事故,2015-1-20 21:45:00,宝杨路进江杨北路(东)西约30米
3101147201500020,死亡事故,2015-2-12 23:20:00,浏翔公路丰翔路西约20米
3101155201500070,死亡事故,2015-3-1 15:20:00,南六公路进下盐公路北约100米
3101124201500050,伤人事故,2015-3-25 6:35:00,申嘉湖高速南侧39.4km约200米
3101143201500030,死亡事故,2015-3-15 19:10:00,澄浏中路横仓公路北约1米
3101120201500050,死亡事故,2015-3-24 17:16:00,虹梅南路出放鹤路北约30米
3101181201500050,死亡事故,2015-3-4 21:15:00,天辰路进久远路西约10米
3102309201500040,死亡事故,2015-4-2 18:50:00,北沿公路出港沿公路西约1500米
3101133201500050,伤人事故,2015-3-3 16:54:00,宝杨路海江一路东约1米
3101154201500130,死亡事故,2015-4-19 14:21:00,民雷路出秦家港路南约20米
3101179201500070,伤人事故,2015-3-20 18:30:00,闵申路进茜浦路东约50米
3101041201500000,死亡事故,2015-1-7 21:08:00,中山南二路出兆丰路东约5米
3101156201500020,死亡事故,2015-1-13 19:25:00,周祝公路出周园路东约500米
3101131201500070,死亡事故,2015-4-7 18:47:00,真金路武威东路东约1米
3101130201400200,死亡事故,2014-11-18 15:34:00,其他路共富一村
3101157201400590,死亡事故,2014-12-30 19:15:00,施湾二路施新路东约1米
3101087201500020,伤人事故,2015-4-27 8:49:00,海宁路出乌镇路东约20米
3101155201500070,死亡事故,2015-3-3 22:30:00,陆家嘴东路进陆家嘴环路西约100米
3101179201500090,财产损失事故,2015-4-15 13:00:00,香闵路香车路南约10米
3101146201500020,死亡事故,2015-3-11 11:05:00,上海绕城高速北侧173km约10米
3101200201400200,死亡事故,2014-12-29 14:14:00,航南公路沪杭公路东约1米
3102306201500020,死亡事故,2015-3-5 9:50:00,北沿公路新海北路东约500米
3101139201400210,死亡事故,2014-12-26 12:53:00,沪太公路进曹新公路南约600米
3101126201500020,伤人事故,2015-2-7 13:04:00,宝南路进七莘路东约300米
3101012201500010,伤人事故,2015-4-19 23:13:00,斜土路出制造局路西约150米
3101173201500110,伤人事故,2015-4-27 17:50:00,人民北路进梅家浜路南约100米
3101162201500020,死亡事故,2015-3-22 16:10:00,松金公路进金张公路南约1米
3101073201500000,死亡事故,2015-1-17 13:21:00,桃浦路大渡河路东约50米
3101146201500030,死亡事故,2015-3-15 18:10:00,北周路进外钱公路(西)西约300米
3101134201500060,死亡事故,2015-4-2 9:00:00,汶水路真北路东约1米
3101099201500000,伤人事故,2015-1-29 21:23:00,纪念路逸仙路南约00米
3101208201500010,死亡事故,2015-1-22 20:20:00,奉柘公路进沿钱路西约500米
3101174201400200,伤人事故,2014-12-24 11:13:00,车阳路香泾路东南约5米
3101124201500020,死亡事故,2015-2-4 12:43:00,申嘉湖高速南侧34km约50米
3101153201500070,死亡事故,2015-3-8 17:50:00,陈行公路进上南路南约500米
3101135201500090,死亡事故,2015-4-26 10:45:00,刘场路出共康路北约300米
3101171201500100,伤人事故,2015-4-18 20:57:00,刘五公路进古楼公路北约100米
3101145201500040,伤人事故,2015-4-3 19:30:00,胜竹路进城北路西约200米
3101175201500090,死亡事故,2015-4-11 21:00:00,沈海高速西侧1317km约600米
3101129201500040,伤人事故,2015-3-22 18:45:00,吴中路古北路东北约0米
3101129201500020,伤人事故,2015-1-29 20:51:00,沪青平公路航新路东南约15米
3101131201500070,死亡事故,2015-4-7 20:15:00,友谊路进铁峰路西约50米
3101172201500080,死亡事故,2015-4-1 8:33:00,松卫北路进北松公路北约250米
3101159201500060,死亡事故,2015-2-15 4:45:00,大川公路进拱乐路北约200米
3101184201500060,死亡事故,2015-3-17 18:07:00,白石公路进程鹤路西约200米
3101158201500110,死亡事故,2015-4-4 21:35:00,蓝天路进红枫路西约200米
3101134201500030,死亡事故,2015-2-10 8:42:00,泰和路铁山路路口
3101136201500010,死亡事故,2015-1-20 18:46:00,逸仙路安达路南约1米
3101139201500020,伤人事故,2015-2-4 10:35:00,真陈路城银路路口
3101065201500020,死亡事故,2015-1-30 15:25:00,巨鹿路富民路东约3米
3101129201500020,死亡事故,2015-2-16 20:51:00,外环高速西侧67km约10米
3101156201500110,死亡事故,2015-3-31 16:10:00,东川公路金海路东约1米
3101171201500060,死亡事故,2015-3-25 17:40:00,莘砖公路同乐路东约10米
3101138201500060,死亡事故,2015-3-31 14:02:00,盘古路铁力路路口
3101157201500050,死亡事故,2015-2-9 21:17:00,三三公路出滨果公路东约400米
3101089201500000,伤人事故,2015-1-14 14:59:00,浙江北路天潼路北约5米
3101186201500070,伤人事故,2015-3-22 14:10:00,崧泽大道嘉松中路东约5米
3101126201500050,伤人事故,2015-4-2 17:05:00,龙茗路出平阳路南约80米
3101177201500090,伤人事故,2015-4-13 20:54:00,莘砖公路高技路西约15米
3101135201500060,死亡事故,2015-3-31 14:24:00,石太路进沪太路东约200米
3101099201500000,伤人事故,2015-1-30 21:30:00,四平路进吴淞路北约150米
3101159201500140,死亡事故,2015-4-26 18:35:00,张杨路德平路东约1米
3101125201500070,伤人事故,2015-4-28 22:05:00,华翔路进天山西路北约100米
3101204201500030,死亡事故,2015-3-25 7:25:00,奉柘公路星火公路东约1米
3101148201500030,死亡事故,2015-3-12 18:22:00,曹安公路出米泉路西约200米
3101133201500050,伤人事故,2015-3-13 20:14:00,沪太路月罗路东约1米
3101133201500070,伤人事故,2015-4-3 8:10:00,淞滨支路淞滨路北约200米
3101083201500000,伤人事故,2015-1-5 5:42:00,三泉路出保德路北约300米
3101177201500070,死亡事故,2015-3-29 8:32:00,叶新公路思源路西约20米
3101154201500030,死亡事故,2015-1-24 21:59:00,华东路进龙东大道南约5米
3101151201500050,死亡事故,2015-2-6 18:58:00,凌白公路庆利路东约1米
3101188201500050,死亡事故,2015-2-20 16:50:00,老朱枫公路顾林路东北约18米
3101123201500040,伤人事故,2015-3-16 14:05:00,虹梅路出宜山路南约55米
3101155201500010,死亡事故,2015-1-5 5:46:00,南芦公路东大公路南约1米
3101151201500120,死亡事故,2015-4-9 7:46:00,宣黄公路进川南奉公路西约100米
3101127201500050,伤人事故,2015-3-24 20:16:00,沪闵路新苗路北约5米
3102306201500020,死亡事故,2015-2-26 8:30:00,汲浜公路出永北路北约5米
3101150201500060,死亡事故,2015-2-15 4:20:00,南芦公路出东大公路北约800米
3101175201500060,伤人事故,2015-3-10 19:10:00,沈砖公路青天路南约5米
3101204201400190,死亡事故,2014-12-13 8:13:00,沿钱公路东侧2km约500米
3101122201500060,死亡事故,2015-4-23 8:52:00,莘松路进沪闵公路西约60米
3101206201500050,死亡事故,2015-4-18 2:50:00,沿钱公路金大公路北约100米
3101139201500040,死亡事故,2015-2-13 7:38:00,真陈路丰翔路东约1米
3101122201500030,死亡事故,2015-3-9 8:08:00,剑川路沪闵路南约1米
3101105201500000,死亡事故,2015-1-25 22:05:00,双阳路出控江路南约200米
3101017201500000,死亡事故,2015-3-13 20:25:00,打浦路隧道通耀路北约5米
3101153201500050,死亡事故,2015-2-7 11:12:00,高桥江东路港城路北约1米
3101099201500000,死亡事故,2015-2-2 6:00:00,大连路进长阳路南约50米
3101152201500080,死亡事故,2015-3-10 10:17:00,张杨北路五莲路东约1米
3101173201500030,伤人事故,2015-1-17 17:16:00,沪松公路卖新公路西约5米
3101121201500060,伤人事故,2015-4-15 17:58:00,颛兴东路都会路东约1米
3101189201500080,死亡事故,2015-4-2 6:08:00,崧泽大道出崧盈路东约600米
3101171201500060,伤人事故,2015-3-16 19:12:00,沧泾路出九泾路东约250米
3101171201500040,死亡事故,2015-2-1 19:30:00,莘砖公路出泗砖公路东约20米
3101120201500060,死亡事故,2015-4-20 9:46:00,浦星公路竹园路东约0米
3101176201500050,伤人事故,2015-3-5 17:21:00,平阳河路进同乐路东约300米
3101174201500060,伤人事故,2015-3-20 7:44:00,泗凤公路进刘五公路东约200米
3101156201500070,死亡事故,2015-3-8 8:45:00,金海路出金穗路西约70米
3101124201500070,伤人事故,2015-4-28 6:38:00,陈行公路万芳路西约300米
3101139201400180,死亡事故,2014-10-27 14:33:00,牡丹江路宝杨路东约1米
3101157201500030,死亡事故,2015-1-24 6:50:00,上南路进凌兆路南约10米
3101175201500080,伤人事故,2015-3-30 0:15:00,同乐北路出长浜路北约150米
3101171201500090,伤人事故,2015-4-15 8:59:00,泗砖路长施公路东约5米
3101124201500070,伤人事故,2015-4-27 8:02:00,文井路进东川路北约500米
3101138201500050,伤人事故,2015-3-12 19:10:00,沪太公路金石路东约1米
3101048201500010,伤人事故,2015-3-26 5:01:00,虹梅路顾戴路(西)东南约10米
3101177201500050,伤人事故,2015-3-2 17:27:00,泖亭路华长路西约3米
3101138201500080,死亡事故,2015-4-10 21:00:00,祁连山路进锦秋路东约500米
3101135201500030,伤人事故,2015-2-5 21:00:00,四元路进宝泉路东约150米
3101010201500000,死亡事故,2015-1-11 17:23:00,金陵中路嵩山路西约0米
3101142201500030,死亡事故,2015-3-17 10:29:00,博园路钱家村路西约3米
3101134201500070,死亡事故,2015-4-4 10:30:00,友谊路出克山路西约200米
3101172201500000,伤人事故,2015-1-5 21:00:00,竹亭路进山房公路北约5米
3101157201500090,死亡事故,2015-3-21 21:37:00,莱阳路出衡安路北约100米
3101130201500030,财产损失事故,2015-2-9 5:36:00,同济路出宝杨路南约100米
3101152201500020,死亡事故,2015-1-14 7:08:00,张杨北路江东支路(北)南约20米
3101154201500010,死亡事故,2015-1-9 20:38:00,川南奉公路进航城路南约100米
3101149201500020,伤人事故,2015-2-14 13:50:00,鹤望路出金运路东约200米
3102306201500020,死亡事故,2015-2-26 18:47:00,潘圆公路出大兴路东约500米
3101086201500010,伤人事故,2015-1-27 23:35:00,天目中路大统路东约5米
3101138201400210,死亡事故,2014-12-14 20:17:00,泰和路铁山路南约3米
3101202201500020,死亡事故,2015-2-27 7:30:00,浦星公路东侧30km约50米
3101154201500000,死亡事故,2015-1-1 10:13:00,沪南公路六奉公路南约3米
3101129201500070,伤人事故,2015-4-23 16:52:00,昆阳路出剑川路北约100米
3101173201500070,死亡事故,2015-3-27 20:32:00,叶家公路进沪松公路东约500米
3101152201500060,死亡事故,2015-2-18 19:00:00,其他路航头镇海桥村
3101044201500010,伤人事故,2015-4-16 12:01:00,漕宝路虹漕南路东南约10米
3101205201500030,死亡事故,2015-3-12 18:50:00,沪杭公路进新北路北约200米
3101086201500010,伤人事故,2015-3-17 15:26:00,共和新路中山北路北约5米
3101081201500010,死亡事故,2015-4-12 2:14:00,共和新路出永和路南约100米
3101096201400040,死亡事故,2014-12-19 5:30:00,四平路出密云路北约200米
3101179201500030,财产损失事故,2015-1-19 7:30:00,荣乐东路进联阳路西约20米
3102307201500010,死亡事故,2015-2-5 15:00:00,向化公路进陈海公路南约200米
3101155201500060,死亡事故,2015-2-28 9:57:00,浦东大道进团林路西约25米
3101203201400200,死亡事故,2014-12-19 20:11:00,观工路进南海公路南约200米
3101133201500050,死亡事故,2015-3-8 9:00:00,军工路淞军路路口
3101175201500040,死亡事故,2015-1-28 23:40:00,玉树路进闵塔公路北约200米
3101179201500080,死亡事故,2015-4-6 18:18:00,人民北路出南期昌路南约10米
3101170201500080,死亡事故,2015-4-6 19:15:00,叶新公路进范家公路西约1200米
3101184201500000,死亡事故,2015-1-10 7:42:00,锦商公路出商前路北约1000米
3101179201500070,伤人事故,2015-3-31 11:40:00,荣乐东路进方塔北路东约200米
3101013201500010,死亡事故,2015-3-28 18:13:00,复兴中路进茂名南路东约100米
3101175201500090,伤人事故,2015-4-16 9:35:00,人民北路出新松江路南约150米
3101070201500010,死亡事故,2015-1-26 16:20:00,新村路大华路南约0米
3102307201500030,死亡事故,2015-3-25 17:00:00,北沿公路出汲浜公路北约5米
3101121201500040,伤人事故,2015-3-18 8:23:00,宁虹路出申昆路西约150米
3101209201500020,死亡事故,2015-3-8 18:05:00,川南奉公路东侧48km约200米
3101151201500050,死亡事故,2015-2-11 18:20:00,五洲大道东侧五洲大道南侧杨高北路下匝道前约800米
3101156201500030,死亡事故,2015-1-22 19:09:00,其他路仓房村
3101169201500020,死亡事故,2015-3-12 6:20:00,金廊公路进朱吕公路南约200米
3101184201500080,死亡事故,2015-3-28 11:55:00,朱枫公路进康业路北约10米
3102213201500000,伤人事故,2015-3-27 11:11:00,港建路越海路口
3101124201500050,伤人事故,2015-3-31 7:07:00,北青公路华翔路西南约15米
3101143201500000,死亡事故,2015-1-12 10:59:00,胜辛路洪德路东约2米
3101135201500010,死亡事故,2015-1-20 19:04:00,月罗公路富乐支路东约1米
3101173201500050,伤人事故,2015-3-7 13:24:00,明中路出新育路东约300米
3101154201500040,死亡事故,2015-1-30 4:55:00,外环高速东侧28.5km约10米
3101083201500010,死亡事故,2015-3-15 20:25:00,粤秀路出彭江路北约200米
3101096201500010,伤人事故,2015-4-17 9:20:00,周家嘴路新建路南约0米
3101203201500000,死亡事故,2015-1-14 11:15:00,大叶公路东侧31km约200米
3101085201500010,伤人事故,2015-2-8 9:28:00,中兴路进恒丰北路西约100米
3101153201500090,死亡事故,2015-3-20 16:20:00,莱阳路出沪东路南约15米
3101209201500000,死亡事故,2015-1-22 15:05:00,南亭公路进浦卫公路西约500米
3101134201500050,伤人事故,2015-3-12 13:57:00,锦秋路出祁连山路东约800米
3101149201500020,死亡事故,2015-3-12 6:42:00,靖远路临洮路南约5米
3101173201500070,伤人事故,2015-3-29 10:17:00,泗砖路进沪松公路南约40米
3101146201500040,死亡事故,2015-4-6 0:25:00,外环高速外侧77Km+400M处
3101203201500000,死亡事故,2015-1-5 19:51:00,金钱公路进平庄西路北约800米
3101174201500070,伤人事故,2015-3-26 16:26:00,明华路进明中路南约100米
3101135201500050,伤人事故,2015-3-20 10:55:00,水产路进铁力路西约50米
3101137201500020,伤人事故,2015-1-14 7:30:00,宝安公路沪太公路路口
3101164201500010,死亡事故,2015-1-28 18:00:00,亭枫公路进松卫南路东约1000米
3101076201500010,死亡事故,2015-1-29 5:50:00,交通路进志丹路西约130米
3101134201500060,死亡事故,2015-3-28 22:03:00,友谊路1869弄
3101174201500100,伤人事故,2015-4-10 10:13:00,北松公路汇北公路西北约5米
3101045201500000,伤人事故,2015-2-4 0:40:00,衡山路进乌鲁木齐南路西约150米
3101129201500040,伤人事故,2015-3-18 0:40:00,闸航路出召泰路西约20米
3101176201500060,伤人事故,2015-3-11 19:28:00,泗陈公路出沪松公路西约1000米
3101171201500100,死亡事故,2015-4-27 19:11:00,新车公路新加路南约5米
3101203201400210,死亡事故,2014-12-31 15:50:00,秀南路南中路东约5米
3101135201500020,伤人事故,2015-1-13 19:28:00,宝安公路联杨路东约300米
3101135201500010,死亡事故,2015-1-14 7:04:00,月罗公路段泾路路口
3101175201500070,伤人事故,2015-3-28 11:10:00,沪松公路江川路东南约12米
3101120201500070,死亡事故,2015-4-28 8:10:00,吴中路进新镇路西约100米
3101176201500030,死亡事故,2015-1-24 6:00:00,沈海高速西侧1299km约100米
3102232201500000,死亡事故,2015-2-4 14:30:00,日樱南路进德堡路南约300米
3101127201500030,死亡事故,2015-2-27 18:01:00,朱梅路进虹梅南路东约800米
3101179201500060,伤人事故,2015-3-14 14:38:00,振业路进张泾路西约80米
3101203201500040,死亡事故,2015-4-7 9:00:00,上海绕城高速东侧88km约500米
3101179201500090,死亡事故,2015-4-9 1:50:00,林荫新路出林绿路西约800米
3101170201500040,死亡事故,2015-1-30 10:21:00,松汇西路玉树路西北约10米
3101071201500030,死亡事故,2015-4-1 18:58:00,高陵路铜川路西南约0米
3101172201500060,伤人事故,2015-3-11 5:35:00,车亭公路进引水公路南约100米
3101184201500100,死亡事故,2015-4-20 1:00:00,前云路进徐南路南约800米
3101080201500020,伤人事故,2015-4-15 6:13:00,共和新路进汶水路南约5米
3101134201500090,死亡事故,2015-4-22 8:45:00,杨北路进杨宗支路东约150米
3101174201500100,死亡事故,2015-4-22 5:29:00,九新公路进明中路北约100米
3101134201500070,死亡事故,2015-4-4 21:37:00,月罗公路出锦乐路西约300米
3101149201500050,死亡事故,2015-4-28 14:44:00,靖远路临洮路南约1米
3101137201500090,死亡事故,2015-4-19 4:20:00,顾北路进潘泾路西约300米
3101155201500140,死亡事故,2015-4-27 12:30:00,其他路老港镇二灶港路日新13组
3101130201500070,伤人事故,2015-4-5 9:15:00,罗北路沪太公路东约1米
3101103201500010,死亡事故,2015-3-16 8:05:00,国伟路出闸殷路东约200米
3101139201500080,死亡事故,2015-4-13 23:26:00,富锦路江杨北路南约5米
3101047201500020,财产损失事故,2015-4-30 11:02:00,康健路习勤路东约5米
3101151201500040,死亡事故,2015-1-29 12:30:00,迎宾高速西侧迎宾高速北侧唐黄上匝道前约2米
3101158201500140,死亡事故,2015-4-27 23:11:00,金海路出川沙路西约50米
3101156201500150,死亡事故,2015-4-30 15:43:00,川展路南六公路东约1米
3101129201500060,伤人事故,2015-4-13 7:37:00,莲花南路金都路北约5米
3101173201500090,伤人事故,2015-4-15 11:40:00,大叶公路进济众路东约10米
3101012201500010,死亡事故,2015-4-24 22:07:00,西藏南路大林路东约0米
3101049201500020,伤人事故,2015-4-24 11:11:00,龙吴路出景联路(西)北约200米
3101155201500120,死亡事故,2015-4-9 23:31:00,成山路华鹏路西北约3米
3101010201500010,死亡事故,2015-3-30 9:50:00,金陵东路出广西南路西约30米
3101158201500040,死亡事故,2015-2-2 19:50:00,台儿庄路出长岛路南约200米
3101139201500010,死亡事故,2015-1-28 18:44:00,月罗公路进罗东路西约100米
3101186201500100,死亡事故,2015-4-13 21:23:00,华青路进新达路南约20米
3101137201500080,伤人事故,2015-4-13 19:15:00,市一东路进潘泾路西约250米
3101169201500030,死亡事故,2015-4-9 0:01:00,金山大道进杭州湾大道东约1米
3101139201500070,伤人事故,2015-4-3 6:50:00,富锦路潘泾路东约1米
3101138201500100,伤人事故,2015-4-28 10:09:00,沪太支路进守仁桥街西约300米
3102300201500040,死亡事故,2015-4-13 12:15:00,草港公路出永前二号路西约20米
3101175201500080,伤人事故,2015-4-8 18:55:00,塔闵公路出松卫北路西约300米
3101079201500040,死亡事故,2015-4-19 19:05:00,延长西路进宜川路东约60米
3101139201500090,死亡事故,2015-4-21 16:35:00,铁山路进铁通路南约300米
3101155201500130,死亡事故,2015-4-15 19:13:00,洲海路华东路西南约3米
3101019201500010,伤人事故,2015-4-25 17:58:00,复兴中路陕西南路西约0米
3101097201500020,死亡事故,2015-4-25 7:20:00,长阳路出舟山路东约5米
3101153201500110,死亡事故,2015-4-8 10:58:00,杨高北路港城路东约1米
3101171201500100,伤人事故,2015-4-11 23:57:00,泗砖路进长施公路南约150米
3101155201500150,死亡事故,2015-4-29 19:31:00,浦明路商城路东北约5米
3101151201500080,死亡事故,2015-3-13 21:24:00,高科西路出杨高南路北约200米
3101184201500090,死亡事故,2015-4-6 15:32:00,白石公路进新胜路西约600米
3101017201500010,死亡事故,2015-4-18 21:07:00,鲁班路出南塘浜路南约250米
